1,absolutely,absolutamente,0,0,0,0,0,0
1,absorb,absorber,0,0,0,0,0,0
1,abuse,abuso,0,0,0,0,0,0
1,academic,académico,0,0,0,0,0,0
1,accept,aceptar,0,0,0,0,0,0
1,access,acceso,0,0,0,0,0,0
1,accident,accidente,0,0,0,0,0,0
1,accompany,acompañar,0,0,0,0,0,0
1,accomplish,lograr,0,0,0,0,0,0
1,according,según,0,0,0,0,0,0
1,account,cuenta,0,0,0,0,0,0
1,accurate,preciso,0,0,0,0,0,0
1,accuse,acusar,0,0,0,0,0,0
1,achieve,lograr,0,0,0,0,0,0
1,achievement,logro,0,0,0,0,0,0
1,acid,ácido,0,0,0,0,0,0
1,acknowledge,reconocer,0,0,0,0,0,0
1,acquire,adquirir,0,0,0,0,0,0
1,across,a través de,0,0,0,0,0,0
1,act,acto,0,0,0,0,0,0
1,action,acción,0,0,0,0,0,0
1,active,activo,0,0,0,0,0,0
1,activist,activista,0,0,0,0,0,0
1,activity,actividad,0,0,0,0,0,0
1,actor,actor,0,0,0,0,0,0
1,actress,actriz,0,0,0,0,0,0
1,actual,real,0,0,0,0,0,0
1,actually,realmente,0,0,0,0,0,0
1,ad,anuncio,0,0,0,0,0,0
1,adapt,adaptar,0,0,0,0,0,0
1,add,añadir,0,0,0,0,0,0
1,addition,adición,0,0,0,0,0,0
1,additional,adicional,0,0,0,0,0,0
1,address,dirección,0,0,0,0,0,0
1,adequate,adecuado,0,0,0,0,0,0
1,adjust,ajustar,0,0,0,0,0,0
1,adjustment,ajuste,0,0,0,0,0,0
1,administration,administración,0,0,0,0,0,0
1,administrator,administrador,0,0,0,0,0,0
1,admire,admirar,0,0,0,0,0,0
1,admission,admisión,0,0,0,0,0,0
1,admit,admitir,0,0,0,0,0,0
1,adolescent,adolescente,0,0,0,0,0,0
1,adopt,adoptar,0,0,0,0,0,0
1,adult,adulto,0,0,0,0,0,0
1,advance,avanzar,0,0,0,0,0,0
1,advanced,avanzado,0,0,0,0,0,0
1,advantage,ventaja,0,0,0,0,0,0
1,adventure,aventura,0,0,0,0,0,0
1,advertising,publicidad,0,0,0,0,0,0
1,advice,consejo,0,0,0,0,0,0
1,advise,aconsejar,0,0,0,0,0,0
1,adviser,asesor,0,0,0,0,0,0
1,advocate,defensor,0,0,0,0,0,0
1,affair,asunto,0,0,0,0,0,0
1,affect,afectar,0,0,0,0,0,0
1,afford,permitirse,0,0,0,0,0,0
1,afraid,temeroso,0,0,0,0,0,0
1,African,africano,0,0,0,0,0,0
1,African-American,afroamericano,0,0,0,0,0,0
1,after,después de,0,0,0,0,0,0
1,afternoon,tarde,0,0,0,0,0,0
1,again,de nuevo,0,0,0,0,0,0
1,against,contra,0,0,0,0,0,0
1,age,edad,0,0,0,0,0,0
1,agency,agencia,0,0,0,0,0,0
1,agenda,agenda,0,0,0,0,0,0
1,agent,agente,0,0,0,0,0,0
1,aggressive,agresivo,0,0,0,0,0,0
1,ago,hace,0,0,0,0,0,0
1,agree,estar de acuerdo,0,0,0,0,0,0
1,agreement,acuerdo,0,0,0,0,0,0
1,agricultural,agrícola,0,0,0,0,0,0
1,ah,ah,0,0,0,0,0,0
1,ahead,adelante,0,0,0,0,0,0
1,aid,ayuda,0,0,0,0,0,0
1,aide,ayudante,0,0,0,0,0,0
1,AIDS,SIDA,0,0,0,0,0,0
1,aim,objetivo,0,0,0,0,0,0
1,air,aire,0,0,0,0,0,0
1,aircraft,avión,0,0,0,0,0,0
1,airline,aerolínea,0,0,0,0,0,0
1,airport,aeropuerto,0,0,0,0,0,0
1,album,álbum,0,0,0,0,0,0
1,alcohol,alcohol,0,0,0,0,0,0
1,alive,vivo,0,0,0,0,0,0
1,all,todo,0,0,0,0,0,0
1,alliance,alianza,0,0,0,0,0,0
1,allow,permitir,0,0,0,0,0,0
1,ally,aliado,0,0,0,0,0,0
1,almost,casi,0,0,0,0,0,0
1,alone,solo,0,0,0,0,0,0
1,along,a lo largo de,0,0,0,0,0,0
1,already,ya,0,0,0,0,0,0
1,also,también,0,0,0,0,0,0
1,alter,alterar,0,0,0,0,0,0
1,alternative,alternativa,0,0,0,0,0,0
1,although,aunque,0,0,0,0,0,0
1,always,siempre,0,0,0,0,0,0
1,AM,AM,0,0,0,0,0,0
1,amazing,increíble,0,0,0,0,0,0
1,American,estadounidense,0,0,0,0,0,0
1,among,entre,0,0,0,0,0,0
1,amount,cantidad,0,0,0,0,0,0
1,analysis,análisis,0,0,0,0,0,0
1,analyst,analista,0,0,0,0,0,0
1,analyze,analizar,0,0,0,0,0,0
1,ancient,antiguo,0,0,0,0,0,0
1,and,y,0,0,0,0,0,0
1,anger,ira,0,0,0,0,0,0
1,angle,ángulo,0,0,0,0,0,0
1,angry,enojado,0,0,0,0,0,0
1,animal,animal,0,0,0,0,0,0
1,anniversary,aniversario,0,0,0,0,0,0
1,announce,anunciar,0,0,0,0,0,0
1,annual,anual,0,0,0,0,0,0
1,another,otro,0,0,0,0,0,0
1,answer,respuesta,0,0,0,0,0,0
1,anticipate,anticipar,0,0,0,0,0,0
1,anxiety,ansiedad,0,0,0,0,0,0
1,any,cualquier,0,0,0,0,0,0
1,anybody,cualquier persona,0,0,0,0,0,0
1,anymore,ya no,0,0,0,0,0,0
1,anyone,alguien,0,0,0,0,0,0
1,anything,cualquier cosa,0,0,0,0,0,0
1,anyway,de cualquier manera,0,0,0,0,0,0
1,anywhere,en cualquier lugar,0,0,0,0,0,0
1,apart,separado,0,0,0,0,0,0
1,apartment,apartamento,0,0,0,0,0,0
1,apparent,aparente,0,0,0,0,0,0
1,apparently,aparentemente,0,0,0,0,0,0
1,appeal,apelar,0,0,0,0,0,0
1,appear,aparecer,0,0,0,0,0,0
1,appearance,apariencia,0,0,0,0,0,0
1,apple,manzana,0,0,0,0,0,0
1,application,solicitud/aplicación,0,0,0,0,0,0
1,apply,aplicar,0,0,0,0,0,0
1,appoint,nombrar,0,0,0,0,0,0
1,appointment,cita/reunión,0,0,0,0,0,0
1,appreciate,apreciar,0,0,0,0,0,0
1,approach,enfoque,0,0,0,0,0,0
1,appropriate,apropiado,0,0,0,0,0,0
1,approval,aprobación,0,0,0,0,0,0
1,approve,aprobar,0,0,0,0,0,0
1,approximately,aproximadamente,0,0,0,0,0,0
1,Arab,árabe,0,0,0,0,0,0
1,architect,arquitecto,0,0,0,0,0,0
1,area,área/zona,0,0,0,0,0,0
1,argue,discutir/argumentar,0,0,0,0,0,0
1,argument,argumento,0,0,0,0,0,0
1,arise,surgir,0,0,0,0,0,0
1,arm,brazo,0,0,0,0,0,0
1,armed,armado,0,0,0,0,0,0
1,army,ejército,0,0,0,0,0,0
1,around,alrededor,0,0,0,0,0,0
1,arrange,arreglar,0,0,0,0,0,0
1,arrangement,arreglo,0,0,0,0,0,0
1,arrest,arrestar,0,0,0,0,0,0
1,arrival,llegada,0,0,0,0,0,0
1,arrive,llegar,0,0,0,0,0,0
1,art,arte,0,0,0,0,0,0
1,article,artículo,0,0,0,0,0,0
1,artist,artista,0,0,0,0,0,0
1,artistic,artístico,0,0,0,0,0,0
1,as,como,0,0,0,0,0,0
1,Asian,asiático,0,0,0,0,0,0
1,aside,a un lado,0,0,0,0,0,0
1,ask,preguntar/pedir,0,0,0,0,0,0
1,asleep,dormido,0,0,0,0,0,0
1,aspect,aspecto,0,0,0,0,0,0
1,assault,asalto/agresión,0,0,0,0,0,0
1,assert,afirmar,0,0,0,0,0,0
1,assess,evaluar,0,0,0,0,0,0
1,assessment,evaluación,0,0,0,0,0,0
1,asset,activo/bien,0,0,0,0,0,0
1,assign,asignar,0,0,0,0,0,0
1,assignment,asignación,0,0,0,0,0,0
1,assist,ayudar/asistir,0,0,0,0,0,0
1,assistance,ayuda/asistencia,0,0,0,0,0,0
1,assistant,asistente,0,0,0,0,0,0
1,associate,asociar,0,0,0,0,0,0
1,association,asociación,0,0,0,0,0,0
1,assume,asumir,0,0,0,0,0,0
1,assumption,suposición,0,0,0,0,0,0
1,assure,asegurar,0,0,0,0,0,0
1,at,en/a las,0,0,0,0,0,0
1,athlete,atleta,0,0,0,0,0,0
1,athletic,atlético,0,0,0,0,0,0
1,atmosphere,atmósfera,0,0,0,0,0,0
1,attach,adjuntar/atar,0,0,0,0,0,0
1,attack,ataque,0,0,0,0,0,0
1,attempt,intentar,0,0,0,0,0,0
1,attend,asistir,0,0,0,0,0,0
1,attention,atención,0,0,0,0,0,0
1,attitude,actitud,0,0,0,0,0,0
1,attorney,abogado,0,0,0,0,0,0
1,attract,atraer,0,0,0,0,0,0
1,attractive,atractivo,0,0,0,0,0,0
1,attribute,atributo,0,0,0,0,0,0
1,audience,audiencia,0,0,0,0,0,0
1,author,autor,0,0,0,0,0,0
1,authority,autoridad,0,0,0,0,0,0
1,auto,auto/coche,0,0,0,0,0,0
1,available,disponible,0,0,0,0,0,0
1,average,promedio,0,0,0,0,0,0
1,avoid,evitar,0,0,0,0,0,0
1,award,premio,0,0,0,0,0,0
1,aware,consciente,0,0,0,0,0,0
1,awareness,conciencia,0,0,0,0,0,0
1,away,lejos,0,0,0,0,0,0
1,awful,horrible,0,0,0,0,0,0
1,baby,bebé,0,0,0,0,0,0
1,back,espalda,0,0,0,0,0,0
1,background,fondo,0,0,0,0,0,0
1,bad,malo,0,0,0,0,0,0
1,badly,mal,0,0,0,0,0,0
1,bag,bolsa,0,0,0,0,0,0
1,bake,hornear,0,0,0,0,0,0
1,balance,equilibrio/saldo,0,0,0,0,0,0
1,ball,pelota,0,0,0,0,0,0
1,ban,prohibición,0,0,0,0,0,0
1,band,banda,0,0,0,0,0,0
1,bank,banco,0,0,0,0,0,0
1,bar,barra,0,0,0,0,0,0
1,barely,apenas,0,0,0,0,0,0
1,barrel,barril,0,0,0,0,0,0
1,barrier,barrera,0,0,0,0,0,0
1,base,base,0,0,0,0,0,0
1,baseball,béisbol,0,0,0,0,0,0
1,basic,básico,0,0,0,0,0,0
1,basically,básicamente,0,0,0,0,0,0
1,basis,base,0,0,0,0,0,0
1,basket,canasta,0,0,0,0,0,0
1,basketball,baloncesto,0,0,0,0,0,0
1,bathroom,baño,0,0,0,0,0,0
1,battery,batería,0,0,0,0,0,0
1,battle,batalla,0,0,0,0,0,0
1,be,ser/estar,0,0,0,0,0,0
1,beach,playa,0,0,0,0,0,0
1,bean,frijol,0,0,0,0,0,0
1,bear,oso/aguantar,0,0,0,0,0,0
1,beat,golpear,0,0,0,0,0,0
1,beautiful,hermoso,0,0,0,0,0,0
1,beauty,belleza,0,0,0,0,0,0
1,because,porque,0,0,0,0,0,0
1,become,convertirse,0,0,0,0,0,0
1,bed,cama,0,0,0,0,0,0
1,bedroom,dormitorio/habitación,0,0,0,0,0,0
1,beer,cerveza,0,0,0,0,0,0
1,before,antes,0,0,0,0,0,0
1,begin,empezar,0,0,0,0,0,0
1,beginning,comienzo,0,0,0,0,0,0
1,behavior,comportamiento,0,0,0,0,0,0
1,behind,detrás,0,0,0,0,0,0
1,being,ser,0,0,0,0,0,0
1,belief,creencia,0,0,0,0,0,0
1,believe,creer,0,0,0,0,0,0
1,bell,campana,0,0,0,0,0,0
1,belong,pertenecer,0,0,0,0,0,0
1,below,debajo,0,0,0,0,0,0
1,belt,cinturón,0,0,0,0,0,0
1,bench,banco,0,0,0,0,0,0
1,bend,curvar,0,0,0,0,0,0
1,beneath,debajo de,0,0,0,0,0,0
1,benefit,beneficio,0,0,0,0,0,0
1,beside,al lado de,0,0,0,0,0,0
1,besides,además,0,0,0,0,0,0
1,best,mejor,0,0,0,0,0,0
1,bet,apuesta,0,0,0,0,0,0
1,better,mejor,0,0,0,0,0,0
1,between,entre,0,0,0,0,0,0
1,beyond,más allá de,0,0,0,0,0,0
1,Bible,Biblia,0,0,0,0,0,0
1,big,grande,0,0,0,0,0,0
1,bike,bicicleta,0,0,0,0,0,0
1,bill,factura,0,0,0,0,0,0
1,billion,billón,0,0,0,0,0,0
1,bind,atar,0,0,0,0,0,0
1,biological,biológico,0,0,0,0,0,0
1,bird,pájaro,0,0,0,0,0,0
1,birth,nacimiento,0,0,0,0,0,0
1,birthday,cumpleaños,0,0,0,0,0,0
1,bit,pedacito,0,0,0,0,0,0
1,bite,morder,0,0,0,0,0,0
1,black,negro,0,0,0,0,0,0
1,blade,hoja,0,0,0,0,0,0
1,blame,culpar,0,0,0,0,0,0
1,blanket,manta,0,0,0,0,0,0
1,blind,ciego,0,0,0,0,0,0
1,block,bloque,0,0,0,0,0,0
1,blood,sangre,0,0,0,0,0,0
1,blow,golpear/soplar,0,0,0,0,0,0
1,blue,azul,0,0,0,0,0,0
1,board,tabla,0,0,0,0,0,0
1,boat,barco,0,0,0,0,0,0
1,body,cuerpo,0,0,0,0,0,0
1,bomb,bomba,0,0,0,0,0,0
1,bombing,atentado con bomba,0,0,0,0,0,0
1,bond,bono,0,0,0,0,0,0
1,bone,hueso,0,0,0,0,0,0
1,book,libro,0,0,0,0,0,0
1,boom,auge,0,0,0,0,0,0
1,boot,bota,0,0,0,0,0,0
1,border,frontera,0,0,0,0,0,0
1,born,nacer,0,0,0,0,0,0
1,borrow,pedir prestado,0,0,0,0,0,0
1,boss,jefe,0,0,0,0,0,0
1,both,ambos,0,0,0,0,0,0
1,bother,molestar,0,0,0,0,0,0
1,bottle,botella,0,0,0,0,0,0
1,bottom,fondo,0,0,0,0,0,0
1,boundary,límite,0,0,0,0,0,0
1,bowl,tazón,0,0,0,0,0,0
1,box,caja,0,0,0,0,0,0
1,boy,niño,0,0,0,0,0,0
1,boyfriend,novio,0,0,0,0,0,0
1,brain,cerebro,0,0,0,0,0,0
1,branch,rama,0,0,0,0,0,0
1,brand,marca,0,0,0,0,0,0
1,bread,pan,0,0,0,0,0,0
1,break,romper,0,0,0,0,0,0
1,breakfast,desayuno,0,0,0,0,0,0
1,breast,pecho,0,0,0,0,0,0
1,breath,aliento/respiración,0,0,0,0,0,0
1,breathe,respirar,0,0,0,0,0,0
1,brick,ladrillo,0,0,0,0,0,0
1,bridge,puente,0,0,0,0,0,0
1,brief,breve,0,0,0,0,0,0
1,briefly,brevemente,0,0,0,0,0,0
1,bright,brillante/luminoso,0,0,0,0,0,0
1,brilliant,brillante/espléndido,0,0,0,0,0,0
1,bring,traer,0,0,0,0,0,0
1,British,británico,0,0,0,0,0,0
1,broad,amplio,0,0,0,0,0,0
1,broken,roto,0,0,0,0,0,0
1,brother,hermano,0,0,0,0,0,0
1,brown,marrón,0,0,0,0,0,0
1,brush,cepillo,0,0,0,0,0,0
1,buck,dólar,0,0,0,0,0,0
1,budget,presupuesto,0,0,0,0,0,0
1,build,construir,0,0,0,0,0,0
1,building,edificio,0,0,0,0,0,0
1,bullet,bala,0,0,0,0,0,0
1,bunch,grupo,0,0,0,0,0,0
1,burden,carga/peso,0,0,0,0,0,0
1,burn,quemar,0,0,0,0,0,0
1,bury,enterrar,0,0,0,0,0,0
1,bus,autobús,0,0,0,0,0,0
1,business,negocio,0,0,0,0,0,0
1,busy,ocupado,0,0,0,0,0,0
1,but,pero,0,0,0,0,0,0
1,butter,mantequilla,0,0,0,0,0,0
1,button,botón,0,0,0,0,0,0
1,buy,comprar,0,0,0,0,0,0
1,buyer,comprador,0,0,0,0,0,0
1,by,por,0,0,0,0,0,0
1,cabin,cabaña,0,0,0,0,0,0
1,cabinet,gabinete,0,0,0,0,0,0
1,cable,cable,0,0,0,0,0,0
1,cake,pastel,0,0,0,0,0,0
1,calculate,calcular,0,0,0,0,0,0
1,call,llamar,0,0,0,0,0,0
1,camera,cámara,0,0,0,0,0,0
1,camp,acampar,0,0,0,0,0,0
1,campaign,campaña,0,0,0,0,0,0
1,campus,campus,0,0,0,0,0,0
1,can,poder,0,0,0,0,0,0
1,Canadian,canadiense,0,0,0,0,0,0
1,cancer,cáncer,0,0,0,0,0,0
1,candidate,candidato,0,0,0,0,0,0
1,cap,gorra,0,0,0,0,0,0
1,capability,capacidad,0,0,0,0,0,0
1,capable,capaz,0,0,0,0,0,0
1,capacity,capacidad,0,0,0,0,0,0
1,capital,capital,0,0,0,0,0,0
1,captain,capitán,0,0,0,0,0,0
1,capture,capturar,0,0,0,0,0,0
1,car,coche,0,0,0,0,0,0
1,carbon,carbón,0,0,0,0,0,0
1,card,tarjeta,0,0,0,0,0,0
1,care,cuidado,0,0,0,0,0,0
1,career,carrera,0,0,0,0,0,0
1,careful,cuidadoso,0,0,0,0,0,0
1,carefully,cuidadosamente,0,0,0,0,0,0
1,carrier,portador,0,0,0,0,0,0
1,carry,llevar,0,0,0,0,0,0
1,case,caso,0,0,0,0,0,0
1,cash,efectivo,0,0,0,0,0,0
1,cast,elenco,0,0,0,0,0,0
1,cat,gato,0,0,0,0,0,0
1,catch,atrapar,0,0,0,0,0,0
1,category,categoría,0,0,0,0,0,0
1,Catholic,católico,0,0,0,0,0,0
1,cause,causa,0,0,0,0,0,0
1,ceiling,techo,0,0,0,0,0,0
1,celebrate,celebrar,0,0,0,0,0,0
1,celebration,celebración,0,0,0,0,0,0
1,celebrity,celebridad,0,0,0,0,0,0
1,cell,célula,0,0,0,0,0,0
1,center,centro,0,0,0,0,0,0
1,central,central,0,0,0,0,0,0
1,century,siglo,0,0,0,0,0,0
1,CEO,CEO (Director Ejecutivo),0,0,0,0,0,0
1,ceremony,ceremonia,0,0,0,0,0,0
1,certain,cierto,0,0,0,0,0,0
1,certainly,ciertamente,0,0,0,0,0,0
1,chain,cadena,0,0,0,0,0,0
1,chair,silla,0,0,0,0,0,0
1,chairman,presidente (de una organización),0,0,0,0,0,0
1,challenge,desafío,0,0,0,0,0,0
1,chamber,cámara,0,0,0,0,0,0
1,champion,campeón,0,0,0,0,0,0
1,championship,campeonato,0,0,0,0,0,0
1,chance,oportunidad,0,0,0,0,0,0
1,change,cambio,0,0,0,0,0,0
1,changing,cambiante,0,0,0,0,0,0
1,channel,canal,0,0,0,0,0,0
1,chapter,capítulo,0,0,0,0,0,0
1,character,personaje,0,0,0,0,0,0
1,characteristic,característica,0,0,0,0,0,0
1,characterize,caracterizar,0,0,0,0,0,0
1,charge,cargo,0,0,0,0,0,0
1,charity,caridad,0,0,0,0,0,0
1,chart,gráfico,0,0,0,0,0,0
1,chase,perseguir,0,0,0,0,0,0
1,cheap,barato,0,0,0,0,0,0
1,check,comprobar,0,0,0,0,0,0
1,cheek,mejilla,0,0,0,0,0,0
1,cheese,queso,0,0,0,0,0,0
1,chef,chef,0,0,0,0,0,0
1,chemical,químico,0,0,0,0,0,0
1,chest,pecho,0,0,0,0,0,0
1,chicken,pollo,0,0,0,0,0,0
1,chief,jefe,0,0,0,0,0,0
1,child,niño/a,0,0,0,0,0,0
1,childhood,infancia,0,0,0,0,0,0
1,Chinese,chino,0,0,0,0,0,0
1,chip,chip,0,0,0,0,0,0
1,chocolate,chocolate,0,0,0,0,0,0
1,choice,elección,0,0,0,0,0,0
1,cholesterol,colesterol,0,0,0,0,0,0
1,choose,elegir,0,0,0,0,0,0
1,Christian,cristiano,0,0,0,0,0,0
1,Christmas,Navidad,0,0,0,0,0,0
1,church,iglesia,0,0,0,0,0,0
1,cigarette,cigarrillo,0,0,0,0,0,0
1,circle,círculo,0,0,0,0,0,0
1,circumstance,circunstancia,0,0,0,0,0,0
1,cite,citar,0,0,0,0,0,0
1,citizen,ciudadano/a,0,0,0,0,0,0
1,city,ciudad,0,0,0,0,0,0
1,civil,civil,0,0,0,0,0,0
1,civilian,civil (no militar),0,0,0,0,0,0
1,claim,reclamar,0,0,0,0,0,0
1,class,clase,0,0,0,0,0,0
1,classic,clásico,0,0,0,0,0,0
1,classroom,aula,0,0,0,0,0,0
1,clean,limpio,0,0,0,0,0,0
1,clear,claro,0,0,0,0,0,0
1,clearly,claramente,0,0,0,0,0,0
1,client,cliente,0,0,0,0,0,0
1,climate,clima,0,0,0,0,0,0
1,climb,subir,0,0,0,0,0,0
1,clinic,clínica,0,0,0,0,0,0
1,clinical,clínico,0,0,0,0,0,0
1,clock,reloj,0,0,0,0,0,0
1,close,cerrar,0,0,0,0,0,0
1,closely,de cerca,0,0,0,0,0,0
1,closer,más cerca,0,0,0,0,0,0
1,clothes,ropa,0,0,0,0,0,0
1,clothing,ropa,0,0,0,0,0,0
1,cloud,nube,0,0,0,0,0,0
1,club,club,0,0,0,0,0,0
1,clue,pista,0,0,0,0,0,0
1,cluster,agrupación,0,0,0,0,0,0
1,coach,entrenador,0,0,0,0,0,0
1,coal,carbón,0,0,0,0,0,0
1,coalition,coalición,0,0,0,0,0,0
1,coast,costa,0,0,0,0,0,0
1,coat,abrigo,0,0,0,0,0,0
1,code,código,0,0,0,0,0,0
1,coffee,café,0,0,0,0,0,0
1,cognitive,cognitivo,0,0,0,0,0,0
1,cold,frío,0,0,0,0,0,0
1,collapse,colapso,0,0,0,0,0,0
1,colleague,colega,0,0,0,0,0,0
1,collect,recolectar,0,0,0,0,0,0
1,collection,colección,0,0,0,0,0,0
1,collective,colectivo,0,0,0,0,0,0
1,college,universidad,0,0,0,0,0,0
1,colonial,colonial,0,0,0,0,0,0
1,color,color,0,0,0,0,0,0
1,column,columna,0,0,0,0,0,0
1,combination,combinación,0,0,0,0,0,0
1,combine,combinar,0,0,0,0,0,0
1,come,venir,0,0,0,0,0,0
1,comedy,comedia,0,0,0,0,0,0
1,comfort,comodidad,0,0,0,0,0,0
1,comfortable,cómodo,0,0,0,0,0,0
1,command,comando,0,0,0,0,0,0
1,commander,comandante,0,0,0,0,0,0
1,comment,comentario,0,0,0,0,0,0
1,commercial,comercial,0,0,0,0,0,0
1,commission,comisión,0,0,0,0,0,0
1,commit,comprometerse,0,0,0,0,0,0
1,commitment,compromiso,0,0,0,0,0,0
1,committee,comité,0,0,0,0,0,0
1,common,común,0,0,0,0,0,0
1,communicate,comunicar,0,0,0,0,0,0
1,communication,comunicación,0,0,0,0,0,0
1,community,comunidad,0,0,0,0,0,0
1,company,empresa,0,0,0,0,0,0
1,compare,comparar,0,0,0,0,0,0
1,comparison,comparación,0,0,0,0,0,0
1,compete,competir,0,0,0,0,0,0
1,competition,competencia,0,0,0,0,0,0
1,competitive,competitivo,0,0,0,0,0,0
1,competitor,competidor,0,0,0,0,0,0
1,complain,quejarse,0,0,0,0,0,0
1,complaint,queja,0,0,0,0,0,0
1,complete,completar,0,0,0,0,0,0
1,completely,completamente,0,0,0,0,0,0
1,complex,complejo,0,0,0,0,0,0
1,complicated,complicado,0,0,0,0,0,0
1,component,componente,0,0,0,0,0,0
1,compose,componer,0,0,0,0,0,0
1,composition,composición,0,0,0,0,0,0
1,comprehensive,completo,0,0,0,0,0,0
1,computer,computadora,0,0,0,0,0,0
1,concentrate,concentrarse,0,0,0,0,0,0
1,concentration,concentración,0,0,0,0,0,0
1,concept,concepto,0,0,0,0,0,0
1,concern,preocupación,0,0,0,0,0,0
1,concerned,preocupado/a,0,0,0,0,0,0
1,concert,concierto,0,0,0,0,0,0
1,conclude,concluir,0,0,0,0,0,0
1,conclusion,conclusión,0,0,0,0,0,0
1,concrete,concreto/a,0,0,0,0,0,0
1,condition,condición,0,0,0,0,0,0
1,conduct,conducta,0,0,0,0,0,0
1,conference,conferencia,0,0,0,0,0,0
1,confidence,confianza,0,0,0,0,0,0
1,confident,seguro/a de sí mismo/a,0,0,0,0,0,0
1,confirm,confirmar,0,0,0,0,0,0
1,conflict,conflicto,0,0,0,0,0,0
1,confront,enfrentar,0,0,0,0,0,0
1,confusion,confusión,0,0,0,0,0,0
1,Congress,Congreso,0,0,0,0,0,0
1,congressional,congresional,0,0,0,0,0,0
1,connect,conectar,0,0,0,0,0,0
1,connection,conexión,0,0,0,0,0,0
1,consciousness,conciencia,0,0,0,0,0,0
1,consensus,consenso,0,0,0,0,0,0
1,consequence,consecuencia,0,0,0,0,0,0
1,conservative,conservador/a,0,0,0,0,0,0
1,consider,considerar,0,0,0,0,0,0
1,considerable,considerable,0,0,0,0,0,0
1,consideration,consideración,0,0,0,0,0,0
1,consist,consistir,0,0,0,0,0,0
1,consistent,consistente,0,0,0,0,0,0
1,constant,constante,0,0,0,0,0,0
1,constantly,constantemente,0,0,0,0,0,0
1,constitute,constituir,0,0,0,0,0,0
1,constitutional,constitucional,0,0,0,0,0,0
1,construct,construir,0,0,0,0,0,0
1,construction,construcción,0,0,0,0,0,0
1,consultant,consultor/a,0,0,0,0,0,0
1,consume,consumir,0,0,0,0,0,0
1,consumer,consumidor/a,0,0,0,0,0,0
1,consumption,consumo,0,0,0,0,0,0
1,contact,contacto,0,0,0,0,0,0
1,contain,contener,0,0,0,0,0,0
1,container,contenedor,0,0,0,0,0,0
1,contemporary,contemporáneo/a,0,0,0,0,0,0
1,content,contenido,0,0,0,0,0,0
1,contest,concurso,0,0,0,0,0,0
1,context,contexto,0,0,0,0,0,0
1,continue,continuar,0,0,0,0,0,0
1,continued,continuado/a,0,0,0,0,0,0
1,contract,contrato,0,0,0,0,0,0
1,contrast,contraste,0,0,0,0,0,0
1,contribute,contribuir,0,0,0,0,0,0
1,contribution,contribución,0,0,0,0,0,0
1,control,control,0,0,0,0,0,0
1,controversial,controversial,0,0,0,0,0,0
1,controversy,controversia,0,0,0,0,0,0
1,convention,convención,0,0,0,0,0,0
1,conventional,convencional,0,0,0,0,0,0
1,conversation,conversación,0,0,0,0,0,0
1,convert,convertir,0,0,0,0,0,0
1,conviction,convicción,0,0,0,0,0,0
1,convince,convencer,0,0,0,0,0,0
1,cook,cocinar,0,0,0,0,0,0
1,cookie,galleta,0,0,0,0,0,0
1,cooking,cocina,0,0,0,0,0,0
1,cool,fresco/a,0,0,0,0,0,0
1,cooperation,cooperación,0,0,0,0,0,0
1,cop,policía,0,0,0,0,0,0
1,cope,hacer frente,0,0,0,0,0,0
1,copy,copiar,0,0,0,0,0,0
1,core,núcleo,0,0,0,0,0,0
1,corn,maíz,0,0,0,0,0,0
1,corner,esquina,0,0,0,0,0,0
1,corporate,corporativo/a,0,0,0,0,0,0
1,corporation,corporación,0,0,0,0,0,0
1,correct,correcto/a,0,0,0,0,0,0
1,correspondent,corresponsal,0,0,0,0,0,0
1,cost,costo,0,0,0,0,0,0
1,cotton,algodón,0,0,0,0,0,0
1,couch,sofá,0,0,0,0,0,0
1,could,podría,0,0,0,0,0,0
1,council,consejo,0,0,0,0,0,0
1,counselor,consejero/a,0,0,0,0,0,0
1,count,contar,0,0,0,0,0,0
1,counter,contador/a,0,0,0,0,0,0
1,country,país,0,0,0,0,0,0
1,county,condado,0,0,0,0,0,0
1,couple,pareja,0,0,0,0,0,0
1,courage,coraje,0,0,0,0,0,0
1,course,curso,0,0,0,0,0,0
1,court,tribunal,0,0,0,0,0,0
1,cousin,primo/a,0,0,0,0,0,0
1,cover,cubrir,0,0,0,0,0,0
1,coverage,cobertura,0,0,0,0,0,0
1,cow,vaca,0,0,0,0,0,0
1,crack,grieta,0,0,0,0,0,0
1,craft,artesanía,0,0,0,0,0,0
1,crash,choque,0,0,0,0,0,0
1,crazy,loco/a,0,0,0,0,0,0
1,cream,crema,0,0,0,0,0,0
1,create,crear,0,0,0,0,0,0
1,creation,creación,0,0,0,0,0,0
1,creative,creativo/a,0,0,0,0,0,0
1,creature,criatura,0,0,0,0,0,0
1,credit,crédito,0,0,0,0,0,0
1,crew,tripulación,0,0,0,0,0,0
1,crime,delito,0,0,0,0,0,0
1,criminal,delincuente,0,0,0,0,0,0
1,crisis,crisis,0,0,0,0,0,0
1,criteria,criterios,0,0,0,0,0,0
1,critic,crítico/a,0,0,0,0,0,0
1,critical,crítico/a,0,0,0,0,0,0
1,criticism,crítica,0,0,0,0,0,0
1,criticize,criticar,0,0,0,0,0,0
1,crop,cultivo,0,0,0,0,0,0
1,cross,cruzar,0,0,0,0,0,0
1,crowd,multitud,0,0,0,0,0,0
1,crucial,crucial,0,0,0,0,0,0
1,cry,llorar,0,0,0,0,0,0
1,cultural,cultural,0,0,0,0,0,0
1,culture,cultura,0,0,0,0,0,0
1,cup,taza,0,0,0,0,0,0
1,curious,curioso/a,0,0,0,0,0,0
1,current,actual,0,0,0,0,0,0
1,currently,actualmente,0,0,0,0,0,0
1,curriculum,currículum,0,0,0,0,0,0
1,custom,costumbre,0,0,0,0,0,0
1,customer,cliente,0,0,0,0,0,0
1,cut,cortar,0,0,0,0,0,0
1,cycle,ciclo,0,0,0,0,0,0
1,dad,papá,0,0,0,0,0,0
1,daily,diario/a,0,0,0,0,0,0
1,damage,daño,0,0,0,0,0,0
1,dance,bailar,0,0,0,0,0,0
1,danger,peligro,0,0,0,0,0,0
1,dangerous,peligroso,0,0,0,0,0,0
1,dare,desafiar,0,0,0,0,0,0
1,dark,oscuro,0,0,0,0,0,0
1,darkness,oscuridad,0,0,0,0,0,0
1,data,datos,0,0,0,0,0,0
1,date,fecha,0,0,0,0,0,0
1,daughter,hija,0,0,0,0,0,0
1,day,día,0,0,0,0,0,0
1,dead,muerto,0,0,0,0,0,0
1,deal,trato,0,0,0,0,0,0
1,dealer,distribuidor,0,0,0,0,0,0
1,dear,querido,0,0,0,0,0,0
1,death,muerte,0,0,0,0,0,0
1,debate,debate,0,0,0,0,0,0
1,debt,deuda,0,0,0,0,0,0
1,decade,década,0,0,0,0,0,0
1,decide,decidir,0,0,0,0,0,0
1,decision,decisión,0,0,0,0,0,0
1,deck,cubierta,0,0,0,0,0,0
1,declare,declarar,0,0,0,0,0,0
1,decline,declinar,0,0,0,0,0,0
1,decrease,disminuir,0,0,0,0,0,0
1,deep,profundo,0,0,0,0,0,0
1,deeply,profundamente,0,0,0,0,0,0
1,deer,ciervo,0,0,0,0,0,0
1,defeat,derrota,0,0,0,0,0,0
1,defend,defender,0,0,0,0,0,0
1,defendant,acusado,0,0,0,0,0,0
1,defense,defensa,0,0,0,0,0,0
1,defensive,defensivo,0,0,0,0,0,0
1,deficit,déficit,0,0,0,0,0,0
1,define,definir,0,0,0,0,0,0
1,definitely,definitivamente,0,0,0,0,0,0
1,definition,definición,0,0,0,0,0,0
1,degree,grado,0,0,0,0,0,0
1,delay,retraso,0,0,0,0,0,0
1,deliver,entregar,0,0,0,0,0,0
1,delivery,entrega,0,0,0,0,0,0
1,demand,demanda,0,0,0,0,0,0
1,democracy,democracia,0,0,0,0,0,0
1,Democrat,Demócrata,0,0,0,0,0,0
1,democratic,democrático,0,0,0,0,0,0
1,demonstrate,demostrar,0,0,0,0,0,0
1,demonstration,manifestación,0,0,0,0,0,0
1,deny,negar,0,0,0,0,0,0
1,department,departamento,0,0,0,0,0,0
1,depend,depender,0,0,0,0,0,0
1,dependent,dependiente,0,0,0,0,0,0
1,depending,dependiendo,0,0,0,0,0,0
1,depict,representar,0,0,0,0,0,0
1,depression,depresión,0,0,0,0,0,0
1,depth,profundidad,0,0,0,0,0,0
1,deputy,diputado,0,0,0,0,0,0
1,derive,derivar,0,0,0,0,0,0
1,describe,describir,0,0,0,0,0,0
1,description,descripción,0,0,0,0,0,0
1,desert,desierto,0,0,0,0,0,0
1,deserve,merecer,0,0,0,0,0,0
1,design,diseño,0,0,0,0,0,0
1,designer,diseñador,0,0,0,0,0,0
1,desire,deseo,0,0,0,0,0,0
1,desk,escritorio,0,0,0,0,0,0
1,desperate,desesperado,0,0,0,0,0,0
1,despite,a pesar de,0,0,0,0,0,0
1,destroy,destruir,0,0,0,0,0,0
1,destruction,destrucción,0,0,0,0,0,0
1,detail,detalle,0,0,0,0,0,0
1,detailed,detallado,0,0,0,0,0,0
1,detect,detectar,0,0,0,0,0,0
1,determine,determinar,0,0,0,0,0,0
1,develop,desarrollar,0,0,0,0,0,0
1,developing,en desarrollo,0,0,0,0,0,0
1,development,desarrollo,0,0,0,0,0,0
1,device,dispositivo,0,0,0,0,0,0
1,devote,dedicar,0,0,0,0,0,0
1,dialogue,diálogo,0,0,0,0,0,0
1,die,morir,0,0,0,0,0,0
1,diet,dieta,0,0,0,0,0,0
1,differ,diferir,0,0,0,0,0,0
1,difference,diferencia,0,0,0,0,0,0
1,different,diferente,0,0,0,0,0,0
1,differently,de manera diferente,0,0,0,0,0,0
1,difficult,difícil,0,0,0,0,0,0
1,difficulty,dificultad,0,0,0,0,0,0
1,dig,cavar,0,0,0,0,0,0
1,digital,digital,0,0,0,0,0,0
1,dimension,dimensión,0,0,0,0,0,0
1,dining,comedor,0,0,0,0,0,0
1,dinner,cena,0,0,0,0,0,0
1,direct,directo,0,0,0,0,0,0
1,direction,dirección,0,0,0,0,0,0
1,directly,directamente,0,0,0,0,0,0
1,director,director,0,0,0,0,0,0
1,dirt,suciedad,0,0,0,0,0,0
1,dirty,sucio,0,0,0,0,0,0
1,disability,discapacidad,0,0,0,0,0,0
1,disagree,no estar de acuerdo,0,0,0,0,0,0
1,disappear,desaparecer,0,0,0,0,0,0
1,disaster,desastre,0,0,0,0,0,0
1,discipline,disciplina,0,0,0,0,0,0
1,discourse,discurso,0,0,0,0,0,0
1,discover,descubrir,0,0,0,0,0,0
1,discovery,descubrimiento,0,0,0,0,0,0
1,discrimination,discriminación,0,0,0,0,0,0
1,discuss,discutir,0,0,0,0,0,0
1,discussion,discusión,0,0,0,0,0,0
1,disease,enfermedad,0,0,0,0,0,0
1,dish,plato,0,0,0,0,0,0
1,dismiss,despedir,0,0,0,0,0,0
1,disorder,trastorno,0,0,0,0,0,0
1,display,mostrar,0,0,0,0,0,0
1,dispute,disputa,0,0,0,0,0,0
1,distance,distancia,0,0,0,0,0,0
1,distant,lejano,0,0,0,0,0,0
1,distinct,distinto,0,0,0,0,0,0
1,distinction,distinción,0,0,0,0,0,0
1,distinguish,distinguir,0,0,0,0,0,0
1,distribute,distribuir,0,0,0,0,0,0
1,distribution,distribución,0,0,0,0,0,0
1,district,distrito,0,0,0,0,0,0
1,diverse,diverso,0,0,0,0,0,0
1,diversity,diversidad,0,0,0,0,0,0
1,divide,dividir,0,0,0,0,0,0
1,division,división,0,0,0,0,0,0
1,divorce,divorcio,0,0,0,0,0,0
1,DNA,ADN,0,0,0,0,0,0
1,do,hacer,0,0,0,0,0,0
1,doctor,doctor,0,0,0,0,0,0
1,document,documento,0,0,0,0,0,0
1,dog,perro,0,0,0,0,0,0
1,domestic,doméstico,0,0,0,0,0,0
1,dominant,dominante,0,0,0,0,0,0
1,dominate,dominar,0,0,0,0,0,0
1,door,puerta,0,0,0,0,0,0
1,double,doble,0,0,0,0,0,0
1,doubt,duda,0,0,0,0,0,0
1,down,abajo,0,0,0,0,0,0
1,downtown,centro de la ciudad,0,0,0,0,0,0
1,dozen,docena,0,0,0,0,0,0
1,draft,borrador,0,0,0,0,0,0
1,drag,arrastrar,0,0,0,0,0,0
1,drama,drama,0,0,0,0,0,0
1,dramatic,dramático,0,0,0,0,0,0
1,dramatically,drásticamente,0,0,0,0,0,0
1,draw,dibujar,0,0,0,0,0,0
1,drawing,dibujo,0,0,0,0,0,0
1,dream,sueño,0,0,0,0,0,0
1,dress,vestido,0,0,0,0,0,0
1,drink,bebida,0,0,0,0,0,0
1,drive,conducir,0,0,0,0,0,0
1,driver,conductor,0,0,0,0,0,0
1,drop,caída,0,0,0,0,0,0
1,drug,droga,0,0,0,0,0,0
1,dry,seco,0,0,0,0,0,0
1,due,debido,0,0,0,0,0,0
1,during,durante,0,0,0,0,0,0
1,dust,polvo,0,0,0,0,0,0
1,duty,deber,0,0,0,0,0,0
1,each,cada,0,0,0,0,0,0
1,eager,ansioso,0,0,0,0,0,0
1,ear,oreja,0,0,0,0,0,0
1,early,temprano,0,0,0,0,0,0
1,earn,ganar,0,0,0,0,0,0
1,earnings,ganancias,0,0,0,0,0,0
1,earth,tierra,0,0,0,0,0,0
1,ease,facilidad,0,0,0,0,0,0
1,easily,fácilmente,0,0,0,0,0,0
1,east,este,0,0,0,0,0,0
1,eastern,oriental,0,0,0,0,0,0
1,easy,fácil,0,0,0,0,0,0
1,eat,comer,0,0,0,0,0,0
1,economic,económico,0,0,0,0,0,0
1,economics,economía,0,0,0,0,0,0
1,economist,economista,0,0,0,0,0,0
1,economy,economía,0,0,0,0,0,0
1,edge,borde,0,0,0,0,0,0
1,edition,edición,0,0,0,0,0,0
1,editor,editor,0,0,0,0,0,0
1,educate,educar,0,0,0,0,0,0
1,education,educación,0,0,0,0,0,0
1,educational,educativo,0,0,0,0,0,0
1,educator,educador,0,0,0,0,0,0
1,effect,efecto,0,0,0,0,0,0
1,effective,efectivo,0,0,0,0,0,0
1,effectively,eficazmente,0,0,0,0,0,0
1,efficiency,eficiencia,0,0,0,0,0,0
1,efficient,eficiente,0,0,0,0,0,0
1,effort,esfuerzo,0,0,0,0,0,0
1,egg,huevo,0,0,0,0,0,0
1,eight,ocho,0,0,0,0,0,0
1,either,cualquiera,0,0,0,0,0,0
1,elderly,anciano,0,0,0,0,0,0
1,elect,elegir,0,0,0,0,0,0
1,election,elección,0,0,0,0,0,0
1,electric,eléctrico,0,0,0,0,0,0
1,electricity,electricidad,0,0,0,0,0,0
1,electronic,electrónico,0,0,0,0,0,0
1,element,elemento,0,0,0,0,0,0
1,elementary,elemental,0,0,0,0,0,0
1,eliminate,eliminar,0,0,0,0,0,0
1,elite,élite,0,0,0,0,0,0
1,else,más,0,0,0,0,0,0
1,elsewhere,en otra parte,0,0,0,0,0,0
1,e-mail,correo electrónico,0,0,0,0,0,0
1,embrace,abrazar,0,0,0,0,0,0
1,emerge,emerger,0,0,0,0,0,0
1,emergency,emergencia,0,0,0,0,0,0
1,emission,emisión,0,0,0,0,0,0
1,emotion,emoción,0,0,0,0,0,0
1,emotional,emocional,0,0,0,0,0,0
1,emphasis,énfasis,0,0,0,0,0,0
1,emphasize,enfatizar,0,0,0,0,0,0
1,employ,emplear,0,0,0,0,0,0
1,employee,empleado,0,0,0,0,0,0
1,employer,empleador,0,0,0,0,0,0
1,employment,empleo,0,0,0,0,0,0
1,empty,vacío,0,0,0,0,0,0
1,enable,permitir,0,0,0,0,0,0
1,encounter,encuentro,0,0,0,0,0,0
1,encourage,animar,0,0,0,0,0,0
1,end,final,0,0,0,0,0,0
1,enemy,enemigo,0,0,0,0,0,0
1,energy,energía,0,0,0,0,0,0
1,enforcement,aplicación,0,0,0,0,0,0
1,engage,comprometerse,0,0,0,0,0,0
1,engine,motor,0,0,0,0,0,0
1,engineer,ingeniero,0,0,0,0,0,0
1,engineering,ingeniería,0,0,0,0,0,0
1,English,inglés,0,0,0,0,0,0
1,enhance,mejorar,0,0,0,0,0,0
1,enjoy,disfrutar,0,0,0,0,0,0
1,enormous,enorme,0,0,0,0,0,0
1,enough,suficiente,0,0,0,0,0,0
1,ensure,asegurar,0,0,0,0,0,0
1,enter,entrar,0,0,0,0,0,0
1,enterprise,empresa,0,0,0,0,0,0
1,entertainment,entretenimiento,0,0,0,0,0,0
1,entire,entero,0,0,0,0,0,0
1,entirely,completamente,0,0,0,0,0,0
1,entrance,entrada,0,0,0,0,0,0
1,entry,entrada,0,0,0,0,0,0
1,environment,ambiente,0,0,0,0,0,0
1,environmental,ambiental,0,0,0,0,0,0
1,episode,episodio,0,0,0,0,0,0
1,equal,igual,0,0,0,0,0,0
1,equally,igualmente,0,0,0,0,0,0
1,equipment,equipo,0,0,0,0,0,0
1,era,era,0,0,0,0,0,0
1,error,error,0,0,0,0,0,0
1,escape,escapar,0,0,0,0,0,0
1,especially,especialmente,0,0,0,0,0,0
1,essay,ensayo,0,0,0,0,0,0
1,essential,esencial,0,0,0,0,0,0
1,essentially,esencialmente,0,0,0,0,0,0
1,establish,establecer,0,0,0,0,0,0
1,establishment,establecimiento,0,0,0,0,0,0
1,estate,finca,0,0,0,0,0,0
1,estimate,estimar,0,0,0,0,0,0
1,etc,etcétera,0,0,0,0,0,0
1,ethics,ética,0,0,0,0,0,0
1,ethnic,étnico,0,0,0,0,0,0
1,European,europeo,0,0,0,0,0,0
1,evaluate,evaluar,0,0,0,0,0,0
1,evaluation,evaluación,0,0,0,0,0,0
1,even,incluso,0,0,0,0,0,0
1,evening,noche,0,0,0,0,0,0
1,event,evento,0,0,0,0,0,0
1,eventually,eventualmente,0,0,0,0,0,0
1,ever,siempre,0,0,0,0,0,0
1,every,cada,0,0,0,0,0,0
1,everybody,todos,0,0,0,0,0,0
1,everyday,cotidiano,0,0,0,0,0,0
1,everyone,todos,0,0,0,0,0,0
1,everything,todo,0,0,0,0,0,0
1,everywhere,en todas partes,0,0,0,0,0,0
1,evidence,evidencia,0,0,0,0,0,0
1,evolution,evolución,0,0,0,0,0,0
1,evolve,evolucionar,0,0,0,0,0,0
1,exact,exacto,0,0,0,0,0,0
1,exactly,exactamente,0,0,0,0,0,0
1,examination,examen,0,0,0,0,0,0
1,examine,examinar,0,0,0,0,0,0
1,example,ejemplo,0,0,0,0,0,0
1,exceed,superar,0,0,0,0,0,0
1,excellent,excelente,0,0,0,0,0,0
1,except,excepto,0,0,0,0,0,0
1,exception,excepción,0,0,0,0,0,0
1,exchange,intercambio,0,0,0,0,0,0
1,exciting,emocionante,0,0,0,0,0,0
1,executive,ejecutivo,0,0,0,0,0,0
1,exercise,ejercicio,0,0,0,0,0,0
1,exhibit,exhibir,0,0,0,0,0,0
1,exhibition,exposición,0,0,0,0,0,0
1,exist,existir,0,0,0,0,0,0
1,existence,existencia,0,0,0,0,0,0
1,existing,existente,0,0,0,0,0,0
1,expand,expandir,0,0,0,0,0,0
1,expansion,expansión,0,0,0,0,0,0
1,expect,esperar,0,0,0,0,0,0
1,expectation,expectativa,0,0,0,0,0,0
1,expense,gasto,0,0,0,0,0,0
1,expensive,caro,0,0,0,0,0,0
1,experience,experiencia,0,0,0,0,0,0
1,experiment,experimento,0,0,0,0,0,0
1,expert,experto,0,0,0,0,0,0
1,explain,explicar,0,0,0,0,0,0
1,explanation,explicación,0,0,0,0,0,0
1,explode,explotar,0,0,0,0,0,0
1,explore,explorar,0,0,0,0,0,0
1,explosion,explosión,0,0,0,0,0,0
1,expose,exponer,0,0,0,0,0,0
1,exposure,exposición,0,0,0,0,0,0
1,express,expresar,0,0,0,0,0,0
1,expression,expresión,0,0,0,0,0,0
1,extend,extender,0,0,0,0,0,0
1,extension,extensión,0,0,0,0,0,0
1,extensive,extenso,0,0,0,0,0,0
1,extent,extensión,0,0,0,0,0,0
1,external,externo,0,0,0,0,0,0
1,extra,extra,0,0,0,0,0,0
1,extraordinary,extraordinario,0,0,0,0,0,0
1,extreme,extremo,0,0,0,0,0,0
1,extremely,extremadamente,0,0,0,0,0,0
1,eye,ojo,0,0,0,0,0,0
1,fabric,tela,0,0,0,0,0,0
1,face,cara,0,0,0,0,0,0
1,facility,instalación,0,0,0,0,0,0
1,fact,hecho,0,0,0,0,0,0
1,factor,factor,0,0,0,0,0,0
1,factory,fábrica,0,0,0,0,0,0
1,faculty,facultad,0,0,0,0,0,0
1,fade,desvanecerse,0,0,0,0,0,0
1,fail,fracasar,0,0,0,0,0,0
1,failure,fracaso,0,0,0,0,0,0
1,fair,justo,0,0,0,0,0,0
1,fairly,bastante,0,0,0,0,0,0
1,faith,fe,0,0,0,0,0,0
1,fall,caer,0,0,0,0,0,0
1,false,falso,0,0,0,0,0,0
1,familiar,familiar,0,0,0,0,0,0
1,family,familia,0,0,0,0,0,0
1,famous,famoso,0,0,0,0,0,0
1,fan,ventilador/seguidor,0,0,0,0,0,0
1,fantasy,fantasía,0,0,0,0,0,0
1,far,lejos,0,0,0,0,0,0
1,farm,granja,0,0,0,0,0,0
1,farmer,granjero,0,0,0,0,0,0
1,fashion,moda,0,0,0,0,0,0
1,fast,rápido,0,0,0,0,0,0
1,fat,gordo,0,0,0,0,0,0
1,fate,destino,0,0,0,0,0,0
1,father,padre,0,0,0,0,0,0
1,fault,culpa/fallo,0,0,0,0,0,0
1,favor,favor,0,0,0,0,0,0
1,favorite,favorito,0,0,0,0,0,0
1,fear,miedo,0,0,0,0,0,0
1,feature,característica,0,0,0,0,0,0
1,federal,federal,0,0,0,0,0,0
1,fee,tarifa/honorario,0,0,0,0,0,0
1,feed,alimentar,0,0,0,0,0,0
1,feel,sentir,0,0,0,0,0,0
1,feeling,sentimiento,0,0,0,0,0,0
1,fellow,compañero,0,0,0,0,0,0
1,female,femenino,0,0,0,0,0,0
1,fence,cerca,0,0,0,0,0,0
1,few,pocos,0,0,0,0,0,0
1,fewer,menos,0,0,0,0,0,0
1,fiber,fibra,0,0,0,0,0,0
1,fiction,ficción,0,0,0,0,0,0
1,field,campo,0,0,0,0,0,0
1,fifteen,quince,0,0,0,0,0,0
1,fifth,quinto,0,0,0,0,0,0
1,fifty,cincuenta,0,0,0,0,0,0
1,fight,luchar,0,0,0,0,0,0
1,fighter,luchador,0,0,0,0,0,0
1,fighting,lucha,0,0,0,0,0,0
1,figure,figura,0,0,0,0,0,0
1,file,archivo,0,0,0,0,0,0
1,fill,llenar,0,0,0,0,0,0
1,film,película,0,0,0,0,0,0
1,final,final,0,0,0,0,0,0
1,finally,finalmente,0,0,0,0,0,0
1,finance,finanzas,0,0,0,0,0,0
1,financial,financiero,0,0,0,0,0,0
1,find,encontrar,0,0,0,0,0,0
1,finding,hallazgo,0,0,0,0,0,0
1,fine,bien,0,0,0,0,0,0
1,finger,dedo,0,0,0,0,0,0
1,finish,terminar,0,0,0,0,0,0
1,fire,fuego,0,0,0,0,0,0
1,firm,firma,0,0,0,0,0,0
1,first,primero,0,0,0,0,0,0
1,fish,pescado,0,0,0,0,0,0
1,fishing,pesca,0,0,0,0,0,0
1,fit,ajustarse,0,0,0,0,0,0
1,fitness,estado físico,0,0,0,0,0,0
1,five,cinco,0,0,0,0,0,0
1,fix,arreglar,0,0,0,0,0,0
1,flag,bandera,0,0,0,0,0,0
1,flame,llama,0,0,0,0,0,0
1,flat,plano,0,0,0,0,0,0
1,flavor,sabor,0,0,0,0,0,0
1,flee,huir,0,0,0,0,0,0
1,flesh,carne,0,0,0,0,0,0
1,flight,vuelo,0,0,0,0,0,0
1,float,flotar,0,0,0,0,0,0
1,floor,piso,0,0,0,0,0,0
1,flow,flujo,0,0,0,0,0,0
1,flower,flor,0,0,0,0,0,0
1,fly,volar,0,0,0,0,0,0
1,focus,enfoque,0,0,0,0,0,0
1,folk,gente,0,0,0,0,0,0
1,follow,seguir,0,0,0,0,0,0
1,following,siguiente,0,0,0,0,0,0
1,food,comida,0,0,0,0,0,0
1,foot,pie,0,0,0,0,0,0
1,football,fútbol americano,0,0,0,0,0,0
1,for,para,0,0,0,0,0,0
1,force,fuerza,0,0,0,0,0,0
1,foreign,extranjero,0,0,0,0,0,0
1,forest,bosque,0,0,0,0,0,0
1,forever,para siempre,0,0,0,0,0,0
1,forget,olvidar,0,0,0,0,0,0
1,form,forma,0,0,0,0,0,0
1,formal,formal,0,0,0,0,0,0
1,formation,formación,0,0,0,0,0,0
1,former,anterior,0,0,0,0,0,0
1,formula,fórmula,0,0,0,0,0,0
1,forth,adelante,0,0,0,0,0,0
1,fortune,fortuna,0,0,0,0,0,0
1,forward,hacia adelante,0,0,0,0,0,0
1,found,encontrar,0,0,0,0,0,0
1,foundation,fundación,0,0,0,0,0,0
1,founder,fundador,0,0,0,0,0,0
1,four,cuatro,0,0,0,0,0,0
1,fourth,cuarto,0,0,0,0,0,0
1,frame,marco,0,0,0,0,0,0
1,framework,marco de trabajo,0,0,0,0,0,0
1,free,libre,0,0,0,0,0,0
1,freedom,libertad,0,0,0,0,0,0
1,freeze,congelar,0,0,0,0,0,0
1,French,francés,0,0,0,0,0,0
1,frequency,frecuencia,0,0,0,0,0,0
1,frequent,frecuente,0,0,0,0,0,0
1,frequently,frecuentemente,0,0,0,0,0,0
1,fresh,fresco,0,0,0,0,0,0
1,friend,amigo,0,0,0,0,0,0
1,friendly,amistoso,0,0,0,0,0,0
1,friendship,amistad,0,0,0,0,0,0
1,from,desde,0,0,0,0,0,0
1,front,frente,0,0,0,0,0,0
1,fruit,fruta,0,0,0,0,0,0
1,frustration,frustración,0,0,0,0,0,0
1,fuel,combustible,0,0,0,0,0,0
1,full,lleno,0,0,0,0,0,0
1,fully,completamente,0,0,0,0,0,0
1,fun,diversión,0,0,0,0,0,0
1,function,función,0,0,0,0,0,0
1,fund,fondo,0,0,0,0,0,0
1,fundamental,fundamental,0,0,0,0,0,0
1,funding,financiamiento,0,0,0,0,0,0
1,funeral,funeral,0,0,0,0,0,0
1,funny,divertido,0,0,0,0,0,0
1,furniture,muebles,0,0,0,0,0,0
1,furthermore,además,0,0,0,0,0,0
1,future,futuro,0,0,0,0,0,0
1,gain,ganancia,0,0,0,0,0,0
1,galaxy,galaxia,0,0,0,0,0,0
1,gallery,galería,0,0,0,0,0,0
1,game,juego,0,0,0,0,0,0
1,gang,pandilla,0,0,0,0,0,0
1,gap,brecha,0,0,0,0,0,0
1,garage,garaje,0,0,0,0,0,0
1,garden,jardín,0,0,0,0,0,0
1,garlic,ajo,0,0,0,0,0,0
1,gas,gas,0,0,0,0,0,0
1,gate,puerta,0,0,0,0,0,0
1,gather,reunir,0,0,0,0,0,0
1,gay,homosexual,0,0,0,0,0,0
1,gaze,mirada,0,0,0,0,0,0
1,gear,engranaje,0,0,0,0,0,0
1,gender,género,0,0,0,0,0,0
1,gene,gen,0,0,0,0,0,0
1,general,general,0,0,0,0,0,0
1,generally,generalmente,0,0,0,0,0,0
1,generate,generar,0,0,0,0,0,0
1,generation,generación,0,0,0,0,0,0
1,genetic,genético,0,0,0,0,0,0
1,gentleman,caballero,0,0,0,0,0,0
1,gently,suavemente,0,0,0,0,0,0
1,German,alemán,0,0,0,0,0,0
1,gesture,gesto,0,0,0,0,0,0
1,get,obtener,0,0,0,0,0,0
1,ghost,fantasma,0,0,0,0,0,0
1,giant,gigante,0,0,0,0,0,0
1,gift,regalo,0,0,0,0,0,0
1,gifted,dotado,0,0,0,0,0,0
1,girl,niña,0,0,0,0,0,0
1,girlfriend,novia,0,0,0,0,0,0
1,give,dar,0,0,0,0,0,0
1,given,dado,0,0,0,0,0,0
1,glad,contento,0,0,0,0,0,0
1,glance,vistazo,0,0,0,0,0,0
1,glass,vidrio,0,0,0,0,0,0
1,global,global,0,0,0,0,0,0
1,glove,guante,0,0,0,0,0,0
1,go,ir,0,0,0,0,0,0
1,goal,meta,0,0,0,0,0,0
1,God,Dios,0,0,0,0,0,0
1,gold,oro,0,0,0,0,0,0
1,golden,dorado,0,0,0,0,0,0
1,golf,golf,0,0,0,0,0,0
1,good,bueno,0,0,0,0,0,0
1,government,gobierno,0,0,0,0,0,0
1,governor,gobernador,0,0,0,0,0,0
1,grab,agarrar,0,0,0,0,0,0
1,grade,grado,0,0,0,0,0,0
1,gradually,gradualmente,0,0,0,0,0,0
1,graduate,graduado,0,0,0,0,0,0
1,grain,grano,0,0,0,0,0,0
1,grand,grande,0,0,0,0,0,0
1,grandfather,abuelo,0,0,0,0,0,0
1,grandmother,abuela,0,0,0,0,0,0
1,grant,subvención,0,0,0,0,0,0
1,grass,hierba,0,0,0,0,0,0
1,grave,tumba,0,0,0,0,0,0
1,gray,gris,0,0,0,0,0,0
1,great,grande,0,0,0,0,0,0
1,greatest,el más grande,0,0,0,0,0,0
1,green,verde,0,0,0,0,0,0
1,grocery,tienda de comestibles,0,0,0,0,0,0
1,ground,suelo,0,0,0,0,0,0
1,group,grupo,0,0,0,0,0,0
1,grow,crecer,0,0,0,0,0,0
1,growing,creciente,0,0,0,0,0,0
1,growth,crecimiento,0,0,0,0,0,0
1,guarantee,garantía,0,0,0,0,0,0
1,guard,guardia,0,0,0,0,0,0
1,guess,adivinar,0,0,0,0,0,0
1,guest,invitado,0,0,0,0,0,0
1,guide,guía,0,0,0,0,0,0
1,guideline,línea directriz,0,0,0,0,0,0
1,guilty,culpable,0,0,0,0,0,0
1,gun,arma de fuego,0,0,0,0,0,0
1,guy,chico,0,0,0,0,0,0
1,habit,hábito,0,0,0,0,0,0
1,habitat,hábitat,0,0,0,0,0,0
1,hair,cabello,0,0,0,0,0,0
1,half,medio,0,0,0,0,0,0
1,hall,pasillo,0,0,0,0,0,0
1,hand,mano,0,0,0,0,0,0
1,handful,puñado,0,0,0,0,0,0
1,handle,manejar,0,0,0,0,0,0
1,hang,colgar,0,0,0,0,0,0
1,happen,suceder,0,0,0,0,0,0
1,happy,feliz,0,0,0,0,0,0
1,hard,duro,0,0,0,0,0,0
1,hardly,apenas,0,0,0,0,0,0
1,hat,sombrero,0,0,0,0,0,0
1,hate,odio,0,0,0,0,0,0
1,have,tener,0,0,0,0,0,0
1,he,él,0,0,0,0,0,0
1,head,cabeza,0,0,0,0,0,0
1,headline,titular,0,0,0,0,0,0
1,headquarters,sede,0,0,0,0,0,0
1,health,salud,0,0,0,0,0,0
1,healthy,saludable,0,0,0,0,0,0
1,hear,escuchar,0,0,0,0,0,0
1,hearing,audición,0,0,0,0,0,0
1,heart,corazón,0,0,0,0,0,0
1,heat,calor,0,0,0,0,0,0
1,heaven,cielo,0,0,0,0,0,0
1,heavily,pesadamente,0,0,0,0,0,0
1,heavy,pesado,0,0,0,0,0,0
1,heel,talón,0,0,0,0,0,0
1,height,altura,0,0,0,0,0,0
1,helicopter,helicóptero,0,0,0,0,0,0
1,hell,infierno,0,0,0,0,0,0
1,hello,hola,0,0,0,0,0,0
1,help,ayuda,0,0,0,0,0,0
1,helpful,útil,0,0,0,0,0,0
1,her,ella,0,0,0,0,0,0
1,here,aquí,0,0,0,0,0,0
1,heritage,herencia,0,0,0,0,0,0
1,hero,héroe,0,0,0,0,0,0
1,herself,ella misma,0,0,0,0,0,0
1,hey,eh,0,0,0,0,0,0
1,hi,hola,0,0,0,0,0,0
1,hide,esconder,0,0,0,0,0,0
1,high,alto,0,0,0,0,0,0
1,highlight,resaltar,0,0,0,0,0,0
1,highly,muy,0,0,0,0,0,0
1,highway,autopista,0,0,0,0,0,0
1,hill,colina,0,0,0,0,0,0
1,him,él,0,0,0,0,0,0
1,himself,él mismo,0,0,0,0,0,0
1,hip,cadera,0,0,0,0,0,0
1,hire,contratar,0,0,0,0,0,0
1,his,su (de él),0,0,0,0,0,0
1,historian,historiador,0,0,0,0,0,0
1,historic,histórico,0,0,0,0,0,0
1,historical,histórico,0,0,0,0,0,0
1,history,historia,0,0,0,0,0,0
1,hit,golpear,0,0,0,0,0,0
1,hold,sostener,0,0,0,0,0,0
1,hole,agujero,0,0,0,0,0,0
1,holiday,vacaciones,0,0,0,0,0,0
1,holy,sagrado,0,0,0,0,0,0
1,home,hogar/casa,0,0,0,0,0,0
1,homeless,sin hogar,0,0,0,0,0,0
1,honest,honesto,0,0,0,0,0,0
1,honey,miel,0,0,0,0,0,0
1,honor,honor,0,0,0,0,0,0
1,hope,esperanza,0,0,0,0,0,0
1,horizon,horizonte,0,0,0,0,0,0
1,horror,horror,0,0,0,0,0,0
1,horse,caballo,0,0,0,0,0,0
1,hospital,hospital,0,0,0,0,0,0
1,host,anfitrión,0,0,0,0,0,0
1,hot,caliente,0,0,0,0,0,0
1,hotel,hotel,0,0,0,0,0,0
1,hour,hora,0,0,0,0,0,0
1,house,casa,0,0,0,0,0,0
1,household,hogar/familia,0,0,0,0,0,0
1,housing,vivienda,0,0,0,0,0,0
1,how,cómo,0,0,0,0,0,0
1,however,sin embargo,0,0,0,0,0,0
1,huge,enorme,0,0,0,0,0,0
1,human,humano,0,0,0,0,0,0
1,humor,humor,0,0,0,0,0,0
1,hundred,cien,0,0,0,0,0,0
1,hungry,hambriento,0,0,0,0,0,0
1,hunter,cazador,0,0,0,0,0,0
1,hunting,caza,0,0,0,0,0,0
1,hurt,herir,0,0,0,0,0,0
1,husband,esposo/marido,0,0,0,0,0,0
1,hypothesis,hipótesis,0,0,0,0,0,0
1,I,yo,0,0,0,0,0,0
1,ice,hielo,0,0,0,0,0,0
1,idea,idea,0,0,0,0,0,0
1,ideal,ideal,0,0,0,0,0,0
1,identification,identificación,0,0,0,0,0,0
1,identify,identificar,0,0,0,0,0,0
1,identity,identidad,0,0,0,0,0,0
1,ie,es decir,0,0,0,0,0,0
1,if,si,0,0,0,0,0,0
1,ignore,ignorar,0,0,0,0,0,0
1,ill,enfermo,0,0,0,0,0,0
1,illegal,ilegal,0,0,0,0,0,0
1,illness,enfermedad,0,0,0,0,0,0
1,illustrate,ilustrar,0,0,0,0,0,0
1,image,imagen,0,0,0,0,0,0
1,imagination,imaginación,0,0,0,0,0,0
1,imagine,imaginar,0,0,0,0,0,0
1,immediate,inmediato,0,0,0,0,0,0
1,immediately,inmediatamente,0,0,0,0,0,0
1,immigrant,inmigrante,0,0,0,0,0,0
1,immigration,inmigración,0,0,0,0,0,0
1,impact,impacto,0,0,0,0,0,0
1,implement,implementar,0,0,0,0,0,0
1,implication,implicación,0,0,0,0,0,0
1,imply,implicar,0,0,0,0,0,0
1,importance,importancia,0,0,0,0,0,0
1,important,importante,0,0,0,0,0,0
1,impose,imponer,0,0,0,0,0,0
1,impossible,imposible,0,0,0,0,0,0
1,impress,impresionar,0,0,0,0,0,0
1,impression,impresión,0,0,0,0,0,0
1,impressive,impresionante,0,0,0,0,0,0
1,improve,mejorar,0,0,0,0,0,0
1,improvement,mejora,0,0,0,0,0,0
1,in,en,0,0,0,0,0,0
1,incentive,incentivo,0,0,0,0,0,0
1,incident,incidente,0,0,0,0,0,0
1,include,incluir,0,0,0,0,0,0
1,including,incluyendo,0,0,0,0,0,0
1,income,ingreso,0,0,0,0,0,0
1,incorporate,incorporar,0,0,0,0,0,0
1,increase,aumento,0,0,0,0,0,0
1,increased,aumentado,0,0,0,0,0,0
1,increasing,aumentando,0,0,0,0,0,0
1,increasingly,cada vez más,0,0,0,0,0,0
1,incredible,increíble,0,0,0,0,0,0
1,indeed,en efecto,0,0,0,0,0,0
1,independence,independencia,0,0,0,0,0,0
1,independent,independiente,0,0,0,0,0,0
1,index,índice,0,0,0,0,0,0
1,Indian,indio,0,0,0,0,0,0
1,indicate,indicar,0,0,0,0,0,0
1,indication,indicación,0,0,0,0,0,0
1,individual,individual,0,0,0,0,0,0
1,industrial,industrial,0,0,0,0,0,0
1,industry,industria,0,0,0,0,0,0
1,infant,bebé,0,0,0,0,0,0
1,infection,infección,0,0,0,0,0,0
1,inflation,inflación,0,0,0,0,0,0
1,influence,influencia,0,0,0,0,0,0
1,inform,informar,0,0,0,0,0,0
1,information,información,0,0,0,0,0,0
1,ingredient,ingrediente,0,0,0,0,0,0
1,initial,inicial,0,0,0,0,0,0
1,initially,inicialmente,0,0,0,0,0,0
1,initiative,iniciativa,0,0,0,0,0,0
1,injury,lesión,0,0,0,0,0,0
1,inner,interno/a,0,0,0,0,0,0
1,innocent,inocente,0,0,0,0,0,0
1,inquiry,investigación/indagación,0,0,0,0,0,0
1,inside,dentro/interior,0,0,0,0,0,0
1,insight,percepción/visión,0,0,0,0,0,0
1,insist,insistir,0,0,0,0,0,0
1,inspire,inspirar,0,0,0,0,0,0
1,install,instalar,0,0,0,0,0,0
1,instance,instancia/ejemplo,0,0,0,0,0,0
1,instead,en lugar de/en vez de,0,0,0,0,0,0
1,institution,institución,0,0,0,0,0,0
1,institutional,institucional,0,0,0,0,0,0
1,instruction,instrucción,0,0,0,0,0,0
1,instructor,instructor/profesor,0,0,0,0,0,0
1,instrument,instrumento,0,0,0,0,0,0
1,insurance,seguro,0,0,0,0,0,0
1,intellectual,intelectual,0,0,0,0,0,0
1,intelligence,inteligencia,0,0,0,0,0,0
1,intend,tener la intención,0,0,0,0,0,0
1,intense,intenso,0,0,0,0,0,0
1,intensity,intensidad,0,0,0,0,0,0
1,intention,intención,0,0,0,0,0,0
1,interaction,interacción,0,0,0,0,0,0
1,interest,interés,0,0,0,0,0,0
1,interested,interesado,0,0,0,0,0,0
1,interesting,interesante,0,0,0,0,0,0
1,internal,interno,0,0,0,0,0,0
1,international,internacional,0,0,0,0,0,0
1,Internet,Internet,0,0,0,0,0,0
1,interpret,interpretar,0,0,0,0,0,0
1,interpretation,interpretación,0,0,0,0,0,0
1,intervention,intervención,0,0,0,0,0,0
1,interview,entrevista,0,0,0,0,0,0
1,into,en,0,0,0,0,0,0
1,introduce,presentar,0,0,0,0,0,0
1,introduction,introducción,0,0,0,0,0,0
1,invasion,invasión,0,0,0,0,0,0
1,invest,invertir,0,0,0,0,0,0
1,investigate,investigar,0,0,0,0,0,0
1,investigation,investigación,0,0,0,0,0,0
1,investigator,investigador,0,0,0,0,0,0
1,investment,inversión,0,0,0,0,0,0
1,investor,inversor,0,0,0,0,0,0
1,invite,invitar,0,0,0,0,0,0
1,involve,involucrar,0,0,0,0,0,0
1,involved,involucrado,0,0,0,0,0,0
1,involvement,involucramiento,0,0,0,0,0,0
1,Iraqi,iraquí,0,0,0,0,0,0
1,Irish,irlandés,0,0,0,0,0,0
1,iron,hierro,0,0,0,0,0,0
1,Islamic,islámico,0,0,0,0,0,0
1,island,isla,0,0,0,0,0,0
1,Israeli,israelí,0,0,0,0,0,0
1,issue,tema,0,0,0,0,0,0
1,it,eso,0,0,0,0,0,0
1,Italian,italiano,0,0,0,0,0,0
1,item,artículo,0,0,0,0,0,0
1,its,su,0,0,0,0,0,0
1,itself,él mismo,0,0,0,0,0,0
1,jacket,chaqueta,0,0,0,0,0,0
1,jail,cárcel,0,0,0,0,0,0
1,Japanese,japonés,0,0,0,0,0,0
1,jet,jet,0,0,0,0,0,0
1,Jew,judío,0,0,0,0,0,0
1,Jewish,judaísmo,0,0,0,0,0,0
1,job,trabajo,0,0,0,0,0,0
1,join,unirse,0,0,0,0,0,0
1,joint,articulación,0,0,0,0,0,0
1,joke,broma,0,0,0,0,0,0
1,journal,periódico,0,0,0,0,0,0
1,journalist,periodista,0,0,0,0,0,0
1,journey,viaje,0,0,0,0,0,0
1,joy,alegría,0,0,0,0,0,0
1,judge,juez,0,0,0,0,0,0
1,judgment,juicio,0,0,0,0,0,0
1,juice,jugo,0,0,0,0,0,0
1,jump,saltar,0,0,0,0,0,0
1,junior,junior,0,0,0,0,0,0
1,jury,jurado,0,0,0,0,0,0
1,just,justo,0,0,0,0,0,0
1,justice,justicia,0,0,0,0,0,0
1,justify,justificar,0,0,0,0,0,0
1,keep,mantener,0,0,0,0,0,0
1,key,llave,0,0,0,0,0,0
1,kick,patear,0,0,0,0,0,0
1,kid,niño,0,0,0,0,0,0
1,kill,matar,0,0,0,0,0,0
1,killer,asesino,0,0,0,0,0,0
1,killing,asesinato,0,0,0,0,0,0
1,kind,amable,0,0,0,0,0,0
1,king,rey,0,0,0,0,0,0
1,kiss,beso,0,0,0,0,0,0
1,kitchen,cocina,0,0,0,0,0,0
1,knee,rodilla,0,0,0,0,0,0
1,knife,cuchillo,0,0,0,0,0,0
1,knock,golpear,0,0,0,0,0,0
1,know,saber,0,0,0,0,0,0
1,knowledge,conocimiento,0,0,0,0,0,0
1,lab,laboratorio,0,0,0,0,0,0
1,label,etiqueta,0,0,0,0,0,0
1,labor,trabajo,0,0,0,0,0,0
1,laboratory,laboratorio,0,0,0,0,0,0
1,lack,falta,0,0,0,0,0,0
1,lady,dama,0,0,0,0,0,0
1,lake,lago,0,0,0,0,0,0
1,land,tierra,0,0,0,0,0,0
1,landscape,paisaje,0,0,0,0,0,0
1,language,idioma,0,0,0,0,0,0
1,lap,vuelta,0,0,0,0,0,0
1,large,grande,0,0,0,0,0,0
1,largely,en gran medida,0,0,0,0,0,0
1,last,último,0,0,0,0,0,0
1,late,tarde,0,0,0,0,0,0
1,later,más tarde,0,0,0,0,0,0
1,Latin,latín,0,0,0,0,0,0
1,latter,este último,0,0,0,0,0,0
1,laugh,reír,0,0,0,0,0,0
1,launch,lanzar,0,0,0,0,0,0
1,law,ley,0,0,0,0,0,0
1,lawn,césped,0,0,0,0,0,0
1,lawsuit,demanda,0,0,0,0,0,0
1,lawyer,abogado,0,0,0,0,0,0
1,lay,poner,0,0,0,0,0,0
1,layer,capa,0,0,0,0,0,0
1,lead,plomo,0,0,0,0,0,0
1,leader,líder,0,0,0,0,0,0
1,leadership,liderazgo,0,0,0,0,0,0
1,leading,líder,0,0,0,0,0,0
1,leaf,hoja,0,0,0,0,0,0
1,league,liga,0,0,0,0,0,0
1,lean,inclinarse,0,0,0,0,0,0
1,learn,aprender,0,0,0,0,0,0
1,learning,aprendizaje,0,0,0,0,0,0
1,least,menos,0,0,0,0,0,0
1,leather,cuero,0,0,0,0,0,0
1,leave,dejar,0,0,0,0,0,0
1,left,izquierda,0,0,0,0,0,0
1,leg,pierna,0,0,0,0,0,0
1,legacy,legado,0,0,0,0,0,0
1,legal,legal,0,0,0,0,0,0
1,legend,leyenda,0,0,0,0,0,0
1,legislation,legislación,0,0,0,0,0,0
1,legitimate,legítimo,0,0,0,0,0,0
1,lemon,limón,0,0,0,0,0,0
1,length,longitud,0,0,0,0,0,0
1,less,menos,0,0,0,0,0,0
1,lesson,lección,0,0,0,0,0,0
1,let,permitir,0,0,0,0,0,0
1,letter,letra,0,0,0,0,0,0
1,level,nivel,0,0,0,0,0,0
1,liberal,liberal,0,0,0,0,0,0
1,library,biblioteca,0,0,0,0,0,0
1,license,licencia,0,0,0,0,0,0
1,lie,mentira,0,0,0,0,0,0
1,life,vida,0,0,0,0,0,0
1,lifestyle,estilo de vida,0,0,0,0,0,0
1,lifetime,vida,0,0,0,0,0,0
1,lift,levantar,0,0,0,0,0,0
1,light,luz,0,0,0,0,0,0
1,like,como,0,0,0,0,0,0
1,likely,probable,0,0,0,0,0,0
1,limit,límite,0,0,0,0,0,0
1,limitation,limitación,0,0,0,0,0,0
1,limited,limitado,0,0,0,0,0,0
1,line,línea,0,0,0,0,0,0
1,link,enlace,0,0,0,0,0,0
1,lip,labio,0,0,0,0,0,0
1,list,lista,0,0,0,0,0,0
1,listen,escuchar,0,0,0,0,0,0
1,literally,literalmente,0,0,0,0,0,0
1,literary,literario,0,0,0,0,0,0
1,literature,literatura,0,0,0,0,0,0
1,little,pequeño,0,0,0,0,0,0
1,live,vivir,0,0,0,0,0,0
1,living,vida,0,0,0,0,0,0
1,load,carga,0,0,0,0,0,0
1,loan,préstamo,0,0,0,0,0,0
1,local,local,0,0,0,0,0,0
1,locate,localizar,0,0,0,0,0,0
1,location,ubicación,0,0,0,0,0,0
1,lock,cerradura,0,0,0,0,0,0
1,long,largo,0,0,0,0,0,0
1,long-term,a largo plazo,0,0,0,0,0,0
1,look,mirar,0,0,0,0,0,0
1,loose,flojo,0,0,0,0,0,0
1,lose,perder,0,0,0,0,0,0
1,loss,pérdida,0,0,0,0,0,0
1,lost,perdido,0,0,0,0,0,0
1,lot,mucho,0,0,0,0,0,0
1,lots,lotes,0,0,0,0,0,0
1,loud,ruidoso,0,0,0,0,0,0
1,love,amor,0,0,0,0,0,0
1,lovely,encantador,0,0,0,0,0,0
1,lover,amante,0,0,0,0,0,0
1,low,bajo,0,0,0,0,0,0
1,lower,bajar,0,0,0,0,0,0
1,luck,suerte,0,0,0,0,0,0
1,lucky,afortunado,0,0,0,0,0,0
1,lunch,almuerzo,0,0,0,0,0,0
1,lung,pulmón,0,0,0,0,0,0
1,machine,máquina,0,0,0,0,0,0
1,mad,loco,0,0,0,0,0,0
1,magazine,revista,0,0,0,0,0,0
1,mail,correo,0,0,0,0,0,0
1,main,principal,0,0,0,0,0,0
1,mainly,principalmente,0,0,0,0,0,0
1,maintain,mantener,0,0,0,0,0,0
1,maintenance,mantenimiento,0,0,0,0,0,0
1,major,importante,0,0,0,0,0,0
1,majority,mayoría,0,0,0,0,0,0
1,make,hacer,0,0,0,0,0,0
1,maker,fabricante,0,0,0,0,0,0
1,makeup,maquillaje,0,0,0,0,0,0
1,male,masculino,0,0,0,0,0,0
1,mall,centro comercial,0,0,0,0,0,0
1,man,hombre,0,0,0,0,0,0
1,manage,administrar,0,0,0,0,0,0
1,management,gestión,0,0,0,0,0,0
1,manager,gerente,0,0,0,0,0,0
1,manner,manera,0,0,0,0,0,0
1,manufacturer,fabricante,0,0,0,0,0,0
1,manufacturing,manufactura,0,0,0,0,0,0
1,many,muchos,0,0,0,0,0,0
1,map,mapa,0,0,0,0,0,0
1,margin,margen,0,0,0,0,0,0
1,mark,marca,0,0,0,0,0,0
1,market,mercado,0,0,0,0,0,0
1,marketing,marketing,0,0,0,0,0,0
1,marriage,matrimonio,0,0,0,0,0,0
1,married,casado,0,0,0,0,0,0
1,marry,casarse,0,0,0,0,0,0
1,mask,mascarilla,0,0,0,0,0,0
1,mass,masa,0,0,0,0,0,0
1,massive,masivo,0,0,0,0,0,0
1,master,maestro,0,0,0,0,0,0
1,match,partido,0,0,0,0,0,0
1,material,material,0,0,0,0,0,0
1,math,matemáticas,0,0,0,0,0,0
1,matter,importar,0,0,0,0,0,0
1,may,mayo,0,0,0,0,0,0
1,maybe,tal vez,0,0,0,0,0,0
1,mayor,alcalde,0,0,0,0,0,0
1,me,yo,0,0,0,0,0,0
1,meal,comida,0,0,0,0,0,0
1,mean,significar,0,0,0,0,0,0
1,meaning,significado,0,0,0,0,0,0
1,meanwhile,mientras tanto,0,0,0,0,0,0
1,measure,medida,0,0,0,0,0,0
1,measurement,medición,0,0,0,0,0,0
1,meat,carne,0,0,0,0,0,0
1,mechanism,mecanismo,0,0,0,0,0,0
1,media,medios de comunicación,0,0,0,0,0,0
1,medical,médico,0,0,0,0,0,0
1,medication,medicación,0,0,0,0,0,0
1,medicine,medicina,0,0,0,0,0,0
1,medium,medio,0,0,0,0,0,0
1,meet,conocer,0,0,0,0,0,0
1,meeting,reunión,0,0,0,0,0,0
1,member,miembro,0,0,0,0,0,0
1,membership,membresía,0,0,0,0,0,0
1,memory,memoria,0,0,0,0,0,0
1,mental,mental,0,0,0,0,0,0
1,mention,mencionar,0,0,0,0,0,0
1,menu,menú,0,0,0,0,0,0
1,mere,simple,0,0,0,0,0,0
1,merely,simplemente,0,0,0,0,0,0
1,mess,desorden,0,0,0,0,0,0
1,message,mensaje,0,0,0,0,0,0
1,metal,metal,0,0,0,0,0,0
1,meter,medidor,0,0,0,0,0,0
1,method,método,0,0,0,0,0,0
1,Mexican,mexicano,0,0,0,0,0,0
1,middle,medio,0,0,0,0,0,0
1,might,poder,0,0,0,0,0,0
1,military,militar,0,0,0,0,0,0
1,milk,leche,0,0,0,0,0,0
1,million,millón,0,0,0,0,0,0
1,mind,mente,0,0,0,0,0,0
1,mine,mío,0,0,0,0,0,0
1,minister,ministro,0,0,0,0,0,0
1,minor,menor,0,0,0,0,0,0
1,minority,minoría,0,0,0,0,0,0
1,minute,minuto,0,0,0,0,0,0
1,miracle,milagro,0,0,0,0,0,0
1,mirror,espejo,0,0,0,0,0,0
1,miss,perder,0,0,0,0,0,0
1,missile,misil,0,0,0,0,0,0
1,mission,misión,0,0,0,0,0,0
1,mistake,error,0,0,0,0,0,0
1,mix,mezclar,0,0,0,0,0,0
1,mixture,mezcla,0,0,0,0,0,0
1,mm-hmm,mm-hmm (sonido de afirmación),0,0,0,0,0,0
1,mode,modo,0,0,0,0,0,0
1,model,modelo,0,0,0,0,0,0
1,moderate,moderado,0,0,0,0,0,0
1,modern,moderno,0,0,0,0,0,0
1,modest,modesto,0,0,0,0,0,0
1,mom,mamá,0,0,0,0,0,0
1,moment,momento,0,0,0,0,0,0
1,money,dinero,0,0,0,0,0,0
1,monitor,monitor,0,0,0,0,0,0
1,month,mes,0,0,0,0,0,0
1,mood,estado de ánimo,0,0,0,0,0,0
1,moon,luna,0,0,0,0,0,0
1,moral,moral,0,0,0,0,0,0
1,more,más,0,0,0,0,0,0
1,moreover,además,0,0,0,0,0,0
1,morning,mañana,0,0,0,0,0,0
1,mortgage,hipoteca,0,0,0,0,0,0
1,most,la mayoría,0,0,0,0,0,0
1,mostly,en su mayoría,0,0,0,0,0,0
1,mother,madre,0,0,0,0,0,0
1,motion,movimiento,0,0,0,0,0,0
1,motivation,motivación,0,0,0,0,0,0
1,motor,motor,0,0,0,0,0,0
1,mount,montar,0,0,0,0,0,0
1,mountain,montaña,0,0,0,0,0,0
1,mouse,ratón,0,0,0,0,0,0
1,mouth,boca,0,0,0,0,0,0
1,move,mover,0,0,0,0,0,0
1,movement,movimiento,0,0,0,0,0,0
1,movie,película,0,0,0,0,0,0
1,Mr,Sr.,0,0,0,0,0,0
1,Mrs,Sra.,0,0,0,0,0,0
1,Ms,Srta.,0,0,0,0,0,0
1,much,mucho,0,0,0,0,0,0
1,multiple,múltiple,0,0,0,0,0,0
1,murder,asesinato,0,0,0,0,0,0
1,muscle,músculo,0,0,0,0,0,0
1,museum,museo,0,0,0,0,0,0
1,music,música,0,0,0,0,0,0
1,musical,musical,0,0,0,0,0,0
1,musician,músico,0,0,0,0,0,0
1,Muslim,musulmán,0,0,0,0,0,0
1,must,deber,0,0,0,0,0,0
1,mutual,mutuo,0,0,0,0,0,0
1,my,mi,0,0,0,0,0,0
1,myself,yo mismo,0,0,0,0,0,0
1,mystery,misterio,0,0,0,0,0,0
1,myth,mito,0,0,0,0,0,0
1,naked,desnudo,0,0,0,0,0,0
1,name,nombre,0,0,0,0,0,0
1,narrative,narrativa,0,0,0,0,0,0
1,narrow,estrecho,0,0,0,0,0,0
1,nation,nación,0,0,0,0,0,0
1,national,nacional,0,0,0,0,0,0
1,native,nativo,0,0,0,0,0,0
1,natural,natural,0,0,0,0,0,0
1,naturally,naturalmente,0,0,0,0,0,0
1,nature,naturaleza,0,0,0,0,0,0
1,near,cerca,0,0,0,0,0,0
1,nearby,cercano,0,0,0,0,0,0
1,nearly,casi,0,0,0,0,0,0
1,necessarily,necesariamente,0,0,0,0,0,0
1,necessary,necesario,0,0,0,0,0,0
1,neck,cuello,0,0,0,0,0,0
1,need,necesidad,0,0,0,0,0,0
1,negative,negativo,0,0,0,0,0,0
1,negotiate,negociar,0,0,0,0,0,0
1,negotiation,negociación,0,0,0,0,0,0
1,neighbor,vecino,0,0,0,0,0,0
1,neighborhood,vecindario,0,0,0,0,0,0
1,neither,ni,0,0,0,0,0,0
1,nerve,nervio,0,0,0,0,0,0
1,nervous,nervioso,0,0,0,0,0,0
1,net,red,0,0,0,0,0,0
1,network,red,0,0,0,0,0,0
1,never,nunca,0,0,0,0,0,0
1,nevertheless,sin embargo,0,0,0,0,0,0
1,new,nuevo,0,0,0,0,0,0
1,newly,recién,0,0,0,0,0,0
1,news,noticias,0,0,0,0,0,0
1,newspaper,periódico,0,0,0,0,0,0
1,next,siguiente,0,0,0,0,0,0
1,nice,agradable,0,0,0,0,0,0
1,night,noche,0,0,0,0,0,0
1,nine,nueve,0,0,0,0,0,0
1,no,no,0,0,0,0,0,0
1,nobody,nadie,0,0,0,0,0,0
1,nod,asentir con la cabeza,0,0,0,0,0,0
1,noise,ruido,0,0,0,0,0,0
1,nomination,nominación,0,0,0,0,0,0
1,none,ninguno,0,0,0,0,0,0
1,nonetheless,no obstante,0,0,0,0,0,0
1,nor,ni,0,0,0,0,0,0
1,normal,normal,0,0,0,0,0,0
1,normally,normalmente,0,0,0,0,0,0
1,north,norte,0,0,0,0,0,0
1,northern,del norte,0,0,0,0,0,0
1,nose,nariz,0,0,0,0,0,0
1,not,no,0,0,0,0,0,0
1,note,nota,0,0,0,0,0,0
1,nothing,nada,0,0,0,0,0,0
1,notice,aviso,0,0,0,0,0,0
1,notion,noción,0,0,0,0,0,0
1,novel,novela,0,0,0,0,0,0
1,now,ahora,0,0,0,0,0,0
1,nowhere,en ninguna parte,0,0,0,0,0,0
1,n't," no (contracción de ""not"")",0,0,0,0,0,0
1,nuclear,nuclear,0,0,0,0,0,0
1,number,número,0,0,0,0,0,0
1,numerous,numeroso,0,0,0,0,0,0
1,nurse,enfermera,0,0,0,0,0,0
1,nut,nuez,0,0,0,0,0,0
1,object,objeto,0,0,0,0,0,0
1,objective,objetivo,0,0,0,0,0,0
1,obligation,obligación,0,0,0,0,0,0
1,observation,observación,0,0,0,0,0,0
1,observe,observar,0,0,0,0,0,0
1,observer,observador,0,0,0,0,0,0
1,obtain,obtener,0,0,0,0,0,0
1,obvious,obvio,0,0,0,0,0,0
1,obviously,obviamente,0,0,0,0,0,0
1,occasion,ocasión,0,0,0,0,0,0
1,occasionally,ocasionalmente,0,0,0,0,0,0
1,occupation,ocupación,0,0,0,0,0,0
1,occupy,ocupar,0,0,0,0,0,0
1,occur,ocurrir,0,0,0,0,0,0
1,ocean,océano,0,0,0,0,0,0
1,odd,extraño,0,0,0,0,0,0
1,odds,probabilidades,0,0,0,0,0,0
1,of,de,0,0,0,0,0,0
1,off,apagado,0,0,0,0,0,0
1,offense,ofensa,0,0,0,0,0,0
1,offensive,ofensivo,0,0,0,0,0,0
1,offer,oferta,0,0,0,0,0,0
1,office,oficina,0,0,0,0,0,0
1,officer,oficial,0,0,0,0,0,0
1,official,oficial,0,0,0,0,0,0
1,often,a menudo,0,0,0,0,0,0
1,oh,oh,0,0,0,0,0,0
1,oil,aceite,0,0,0,0,0,0
1,ok,bien,0,0,0,0,0,0
1,okay,de acuerdo,0,0,0,0,0,0
1,old,viejo/a,0,0,0,0,0,0
1,Olympic,olímpico/a,0,0,0,0,0,0
1,on,en,0,0,0,0,0,0
1,once,una vez,0,0,0,0,0,0
1,one,uno/a,0,0,0,0,0,0
1,ongoing,en curso,0,0,0,0,0,0
1,onion,cebolla,0,0,0,0,0,0
1,online,en línea,0,0,0,0,0,0
1,only,solo/a,0,0,0,0,0,0
1,onto,sobre,0,0,0,0,0,0
1,open,abierto/a,0,0,0,0,0,0
1,opening,apertura,0,0,0,0,0,0
1,operate,operar,0,0,0,0,0,0
1,operating,en funcionamiento,0,0,0,0,0,0
1,operation,operación,0,0,0,0,0,0
1,operator,operador/a,0,0,0,0,0,0
1,opinion,opinión,0,0,0,0,0,0
1,opponent,oponente,0,0,0,0,0,0
1,opportunity,oportunidad,0,0,0,0,0,0
1,oppose,oponerse,0,0,0,0,0,0
1,opposite,opuesto/a,0,0,0,0,0,0
1,opposition,oposición,0,0,0,0,0,0
1,option,opción,0,0,0,0,0,0
1,or,o,0,0,0,0,0,0
1,orange,naranja,0,0,0,0,0,0
1,order,orden,0,0,0,0,0,0
1,ordinary,ordinario/a,0,0,0,0,0,0
1,organic,orgánico/a,0,0,0,0,0,0
1,organization,organización,0,0,0,0,0,0
1,organize,organizar,0,0,0,0,0,0
1,orientation,orientación,0,0,0,0,0,0
1,origin,origen,0,0,0,0,0,0
1,original,original,0,0,0,0,0,0
1,originally,originalmente,0,0,0,0,0,0
1,other,otro/a,0,0,0,0,0,0
1,others,otros/as,0,0,0,0,0,0
1,otherwise,de lo contrario,0,0,0,0,0,0
1,ought,debería,0,0,0,0,0,0
1,our,nuestro/a,0,0,0,0,0,0
1,ourselves,nosotros/as mismos/as,0,0,0,0,0,0
1,out,fuera,0,0,0,0,0,0
1,outcome,resultado,0,0,0,0,0,0
1,outside,fuera,0,0,0,0,0,0
1,oven,horno,0,0,0,0,0,0
1,over,encima,0,0,0,0,0,0
1,overall,en general,0,0,0,0,0,0
1,overcome,superar,0,0,0,0,0,0
1,overlook,pasar por alto,0,0,0,0,0,0
1,owe,deber,0,0,0,0,0,0
1,own,propio/a,0,0,0,0,0,0
1,owner,dueño/a,0,0,0,0,0,0
1,pace,ritmo,0,0,0,0,0,0
1,pack,empacar,0,0,0,0,0,0
1,package,paquete,0,0,0,0,0,0
1,page,página,0,0,0,0,0,0
1,pain,dolor,0,0,0,0,0,0
1,painful,doloroso/a,0,0,0,0,0,0
1,paint,pintar,0,0,0,0,0,0
1,painter,pintor/a,0,0,0,0,0,0
1,painting,pintura,0,0,0,0,0,0
1,pair,par,0,0,0,0,0,0
1,pale,pálido/a,0,0,0,0,0,0
1,Palestinian,palestino/a,0,0,0,0,0,0
1,palm,palma,0,0,0,0,0,0
1,pan,sartén,0,0,0,0,0,0
1,panel,panel,0,0,0,0,0,0
1,pant,pantalón,0,0,0,0,0,0
1,paper,papel,0,0,0,0,0,0
1,parent,padre/madre,0,0,0,0,0,0
1,park,parquear,0,0,0,0,0,0
1,parking,estacionamiento,0,0,0,0,0,0
1,part,parte,0,0,0,0,0,0
1,participant,participante,0,0,0,0,0,0
1,participate,participar,0,0,0,0,0,0
1,participation,participación,0,0,0,0,0,0
1,particular,particular,0,0,0,0,0,0
1,particularly,particularmente,0,0,0,0,0,0
1,partly,parcialmente,0,0,0,0,0,0
1,partner,pareja,0,0,0,0,0,0
1,partnership,asociación,0,0,0,0,0,0
1,party,fiesta,0,0,0,0,0,0
1,pass,pasar,0,0,0,0,0,0
1,passage,pasaje,0,0,0,0,0,0
1,passenger,pasajero/a,0,0,0,0,0,0
1,passion,pasión,0,0,0,0,0,0
1,past,pasado/a,0,0,0,0,0,0
1,patch,parche,0,0,0,0,0,0
1,path,camino,0,0,0,0,0,0
1,patient,paciente,0,0,0,0,0,0
1,pattern,patrón,0,0,0,0,0,0
1,pause,pausa,0,0,0,0,0,0
1,pay,pagar,0,0,0,0,0,0
1,payment,pago,0,0,0,0,0,0
1,PC,computadora personal,0,0,0,0,0,0
1,peace,paz,0,0,0,0,0,0
1,peak,cima,0,0,0,0,0,0
1,peer,compañero/a,0,0,0,0,0,0
1,penalty,penalización,0,0,0,0,0,0
1,people,gente,0,0,0,0,0,0
1,pepper,pimienta,0,0,0,0,0,0
1,per,por,0,0,0,0,0,0
1,perceive,percibir,0,0,0,0,0,0
1,percentage,porcentaje,0,0,0,0,0,0
1,perception,percepción,0,0,0,0,0,0
1,perfect,perfecto/a,0,0,0,0,0,0
1,perfectly,perfectamente,0,0,0,0,0,0
1,perform,realizar,0,0,0,0,0,0
1,performance,rendimiento,0,0,0,0,0,0
1,perhaps,quizás,0,0,0,0,0,0
1,period,período,0,0,0,0,0,0
1,permanent,permanente,0,0,0,0,0,0
1,permission,permiso,0,0,0,0,0,0
1,permit,permitir,0,0,0,0,0,0
1,person,persona,0,0,0,0,0,0
1,personal,personal,0,0,0,0,0,0
1,personality,personalidad,0,0,0,0,0,0
1,personally,personalmente,0,0,0,0,0,0
1,personnel,personal,0,0,0,0,0,0
1,perspective,perspectiva,0,0,0,0,0,0
1,persuade,persuadir,0,0,0,0,0,0
1,pet,mascota,0,0,0,0,0,0
1,phase,fase,0,0,0,0,0,0
1,phenomenon,fenómeno,0,0,0,0,0,0
1,philosophy,filosofía,0,0,0,0,0,0
1,phone,teléfono,0,0,0,0,0,0
1,photo,foto,0,0,0,0,0,0
1,photograph,fotografía,0,0,0,0,0,0
1,photographer,fotógrafo/a,0,0,0,0,0,0
1,phrase,frase,0,0,0,0,0,0
1,physical,físico/a,0,0,0,0,0,0
1,physically,físicamente,0,0,0,0,0,0
1,physician,médico/a,0,0,0,0,0,0
1,piano,piano,0,0,0,0,0,0
1,pick,escoger,0,0,0,0,0,0
1,picture,imagen,0,0,0,0,0,0
1,pie,pastel,0,0,0,0,0,0
1,piece,pieza,0,0,0,0,0,0
1,pile,pila,0,0,0,0,0,0
1,pilot,piloto,0,0,0,0,0,0
1,pine,pino,0,0,0,0,0,0
1,pink,rosa,0,0,0,0,0,0
1,pipe,tubería,0,0,0,0,0,0
1,pitch,tono,0,0,0,0,0,0
1,place,lugar,0,0,0,0,0,0
1,plan,plan,0,0,0,0,0,0
1,plane,avión,0,0,0,0,0,0
1,planet,planeta,0,0,0,0,0,0
1,planning,planificación,0,0,0,0,0,0
1,plant,planta,0,0,0,0,0,0
1,plastic,plástico,0,0,0,0,0,0
1,plate,plato,0,0,0,0,0,0
1,platform,plataforma,0,0,0,0,0,0
1,play,jugar,0,0,0,0,0,0
1,player,jugador,0,0,0,0,0,0
1,please,por favor,0,0,0,0,0,0
1,pleasure,placer,0,0,0,0,0,0
1,plenty,mucho,0,0,0,0,0,0
1,plot,trama,0,0,0,0,0,0
1,plus,más,0,0,0,0,0,0
1,PM,PM (por la tarde/noche),0,0,0,0,0,0
1,pocket,bolsillo,0,0,0,0,0,0
1,poem,poema,0,0,0,0,0,0
1,poet,poeta,0,0,0,0,0,0
1,poetry,poesía,0,0,0,0,0,0
1,point,punto,0,0,0,0,0,0
1,pole,poste,0,0,0,0,0,0
1,police,policía,0,0,0,0,0,0
1,policy,política,0,0,0,0,0,0
1,political,político,0,0,0,0,0,0
1,politically,políticamente,0,0,0,0,0,0
1,politician,político/a,0,0,0,0,0,0
1,politics,política,0,0,0,0,0,0
1,poll,encuesta,0,0,0,0,0,0
1,pollution,contaminación,0,0,0,0,0,0
1,pool,piscina,0,0,0,0,0,0
1,poor,pobre,0,0,0,0,0,0
1,pop,pop,0,0,0,0,0,0
1,popular,popular,0,0,0,0,0,0
1,population,población,0,0,0,0,0,0
1,porch,porche,0,0,0,0,0,0
1,port,puerto,0,0,0,0,0,0
1,portion,porción,0,0,0,0,0,0
1,portrait,retrato,0,0,0,0,0,0
1,portray,retratar,0,0,0,0,0,0
1,pose,posar,0,0,0,0,0,0
1,position,posición,0,0,0,0,0,0
1,positive,positivo,0,0,0,0,0,0
1,possess,poseer,0,0,0,0,0,0
1,possibility,posibilidad,0,0,0,0,0,0
1,possible,posible,0,0,0,0,0,0
1,possibly,posiblemente,0,0,0,0,0,0
1,post,publicar,0,0,0,0,0,0
1,pot,olla,0,0,0,0,0,0
1,potato,patata,0,0,0,0,0,0
1,potential,potencial,0,0,0,0,0,0
1,potentially,potencialmente,0,0,0,0,0,0
1,pound,libra,0,0,0,0,0,0
1,pour,verter,0,0,0,0,0,0
1,poverty,pobreza,0,0,0,0,0,0
1,powder,polvo,0,0,0,0,0,0
1,power,poder,0,0,0,0,0,0
1,powerful,poderoso/a,0,0,0,0,0,0
1,practical,práctico/a,0,0,0,0,0,0
1,practice,práctica,0,0,0,0,0,0
1,pray,rezar,0,0,0,0,0,0
1,prayer,oración,0,0,0,0,0,0
1,precisely,precisamente,0,0,0,0,0,0
1,predict,predecir,0,0,0,0,0,0
1,prefer,preferir,0,0,0,0,0,0
1,preference,preferencia,0,0,0,0,0,0
1,pregnancy,embarazo,0,0,0,0,0,0
1,pregnant,embarazada,0,0,0,0,0,0
1,preparation,preparación,0,0,0,0,0,0
1,prepare,preparar,0,0,0,0,0,0
1,prescription,receta,0,0,0,0,0,0
1,presence,presencia,0,0,0,0,0,0
1,present,presente,0,0,0,0,0,0
1,presentation,presentación,0,0,0,0,0,0
1,preserve,preservar,0,0,0,0,0,0
1,president,presidente/a,0,0,0,0,0,0
1,presidential,presidencial,0,0,0,0,0,0
1,press,prensa,0,0,0,0,0,0
1,pressure,presión,0,0,0,0,0,0
1,pretend,fingir,0,0,0,0,0,0
1,pretty,bonito/a,0,0,0,0,0,0
1,prevent,prevenir,0,0,0,0,0,0
1,previous,previo/a,0,0,0,0,0,0
1,previously,previamente,0,0,0,0,0,0
1,price,precio,0,0,0,0,0,0
1,pride,orgullo,0,0,0,0,0,0
1,priest,sacerdote,0,0,0,0,0,0
1,primarily,principalmente,0,0,0,0,0,0
1,primary,primario/a,0,0,0,0,0,0
1,prime,principal,0,0,0,0,0,0
1,principal,director/a,0,0,0,0,0,0
1,principle,principio,0,0,0,0,0,0
1,print,imprimir,0,0,0,0,0,0
1,prior,previo/a,0,0,0,0,0,0
1,priority,prioridad,0,0,0,0,0,0
1,prison,prisión,0,0,0,0,0,0
1,prisoner,prisionero/a,0,0,0,0,0,0
1,privacy,privacidad,0,0,0,0,0,0
1,private,privado/a,0,0,0,0,0,0
1,probably,probablemente,0,0,0,0,0,0
1,problem,problema,0,0,0,0,0,0
1,procedure,procedimiento,0,0,0,0,0,0
1,proceed,proceder,0,0,0,0,0,0
1,process,proceso,0,0,0,0,0,0
1,produce,producir,0,0,0,0,0,0
1,producer,productor/a,0,0,0,0,0,0
1,product,producto,0,0,0,0,0,0
1,production,producción,0,0,0,0,0,0
1,profession,profesión,0,0,0,0,0,0
1,professional,profesional,0,0,0,0,0,0
1,professor,profesor/a,0,0,0,0,0,0
1,profile,perfil,0,0,0,0,0,0
1,profit,beneficio,0,0,0,0,0,0
1,program,programa,0,0,0,0,0,0
1,progress,progreso,0,0,0,0,0,0
1,project,proyecto,0,0,0,0,0,0
1,prominent,destacado/a,0,0,0,0,0,0
1,promise,promesa,0,0,0,0,0,0
1,promote,promover,0,0,0,0,0,0
1,prompt,instar,0,0,0,0,0,0
1,proof,prueba,0,0,0,0,0,0
1,proper,adecuado/a,0,0,0,0,0,0
1,properly,correctamente,0,0,0,0,0,0
1,property,propiedad,0,0,0,0,0,0
1,proportion,proporción,0,0,0,0,0,0
1,proposal,propuesta,0,0,0,0,0,0
1,propose,proponer,0,0,0,0,0,0
1,proposed,propuesto/a,0,0,0,0,0,0
1,prosecutor,fiscal,0,0,0,0,0,0
1,prospect,perspectiva,0,0,0,0,0,0
1,protect,proteger,0,0,0,0,0,0
1,protection,protección,0,0,0,0,0,0
1,protein,proteína,0,0,0,0,0,0
1,protest,protesta,0,0,0,0,0,0
1,proud,orgulloso/a,0,0,0,0,0,0
1,prove,probar,0,0,0,0,0,0
1,provide,proporcionar,0,0,0,0,0,0
1,provider,proveedor/a,0,0,0,0,0,0
1,province,provincia,0,0,0,0,0,0
1,provision,provisión,0,0,0,0,0,0
1,psychological,psicológico/a,0,0,0,0,0,0
1,psychologist,psicólogo/a,0,0,0,0,0,0
1,psychology,psicología,0,0,0,0,0,0
1,public,público/a,0,0,0,0,0,0
1,publication,publicación,0,0,0,0,0,0
1,publicly,públicamente,0,0,0,0,0,0
1,publish,publicar,0,0,0,0,0,0
1,publisher,editor/a,0,0,0,0,0,0
1,pull,tirar/jalar,0,0,0,0,0,0
1,punishment,castigo,0,0,0,0,0,0
1,purchase,compra,0,0,0,0,0,0
1,pure,puro/a,0,0,0,0,0,0
1,purpose,propósito,0,0,0,0,0,0
1,pursue,perseguir,0,0,0,0,0,0
1,push,empujar,0,0,0,0,0,0
1,put,poner,0,0,0,0,0,0
1,qualify,calificar,0,0,0,0,0,0
1,quality,calidad,0,0,0,0,0,0
1,quarter,cuarto,0,0,0,0,0,0
1,quarterback,mariscal de campo,0,0,0,0,0,0
1,question,pregunta,0,0,0,0,0,0
1,quick,rápido/a,0,0,0,0,0,0
1,quickly,rápidamente,0,0,0,0,0,0
1,quiet,tranquilo/a,0,0,0,0,0,0
1,quietly,tranquilamente,0,0,0,0,0,0
1,quit,renunciar/dejar,0,0,0,0,0,0
1,quite,bastante,0,0,0,0,0,0
1,quote,citar,0,0,0,0,0,0
1,race,carrera/raza,0,0,0,0,0,0
1,racial,racial,0,0,0,0,0,0
1,radical,radical,0,0,0,0,0,0
1,radio,radio,0,0,0,0,0,0
1,rail,riel,0,0,0,0,0,0
1,rain,lluvia,0,0,0,0,0,0
1,raise,levantar/aumentar,0,0,0,0,0,0
1,range,rango,0,0,0,0,0,0
1,rank,rango/clasificación,0,0,0,0,0,0
1,rapid,rápido/a,0,0,0,0,0,0
1,rapidly,rápidamente,0,0,0,0,0,0
1,rare,raro/a,0,0,0,0,0,0
1,rarely,raramente,0,0,0,0,0,0
1,rate,tasa,0,0,0,0,0,0
1,rather,bastante,0,0,0,0,0,0
1,rating,clasificación,0,0,0,0,0,0
1,ratio,relación,0,0,0,0,0,0
1,raw,crudo/a,0,0,0,0,0,0
1,reach,alcanzar,0,0,0,0,0,0
1,react,reaccionar,0,0,0,0,0,0
1,reaction,reacción,0,0,0,0,0,0
1,read,leer,0,0,0,0,0,0
1,reader,lector/a,0,0,0,0,0,0
1,reading,lectura,0,0,0,0,0,0
1,ready,listo/a,0,0,0,0,0,0
1,real,real,0,0,0,0,0,0
1,reality,realidad,0,0,0,0,0,0
1,realize,darse cuenta de,0,0,0,0,0,0
1,really,realmente,0,0,0,0,0,0
1,reason,razón,0,0,0,0,0,0
1,reasonable,razonable,0,0,0,0,0,0
1,recall,recordar,0,0,0,0,0,0
1,receive,recibir,0,0,0,0,0,0
1,recent,reciente,0,0,0,0,0,0
1,recently,recientemente,0,0,0,0,0,0
1,recipe,receta,0,0,0,0,0,0
1,recognition,reconocimiento,0,0,0,0,0,0
1,recognize,reconocer,0,0,0,0,0,0
1,recommend,recomendar,0,0,0,0,0,0
1,recommendation,recomendación,0,0,0,0,0,0
1,record,registro/grabar,0,0,0,0,0,0
1,recording,grabación,0,0,0,0,0,0
1,recover,recuperar,0,0,0,0,0,0
1,recovery,recuperación,0,0,0,0,0,0
1,recruit,reclutar,0,0,0,0,0,0
1,red,rojo/a,0,0,0,0,0,0
1,reduce,reducir,0,0,0,0,0,0
1,reduction,reducción,0,0,0,0,0,0
1,refer,referirse,0,0,0,0,0,0
1,reference,referencia,0,0,0,0,0,0
1,reflect,reflejar,0,0,0,0,0,0
1,reflection,reflexión,0,0,0,0,0,0
1,reform,reformar,0,0,0,0,0,0
1,refugee,refugiado/a,0,0,0,0,0,0
1,refuse,rechazar,0,0,0,0,0,0
1,regard,considerar,0,0,0,0,0,0
1,regarding,respecto a,0,0,0,0,0,0
1,regardless,independientemente de,0,0,0,0,0,0
1,regime,régimen,0,0,0,0,0,0
1,region,región,0,0,0,0,0,0
1,regional,regional,0,0,0,0,0,0
1,register,registrar,0,0,0,0,0,0
1,regular,regular,0,0,0,0,0,0
1,regularly,regularmente,0,0,0,0,0,0
1,regulate,regular,0,0,0,0,0,0
1,regulation,regulación,0,0,0,0,0,0
1,reinforce,reforzar,0,0,0,0,0,0
1,reject,rechazar,0,0,0,0,0,0
1,relate,relacionar,0,0,0,0,0,0
1,relation,relación,0,0,0,0,0,0
1,relationship,relación/relacionamiento,0,0,0,0,0,0
1,relative,relativo/a,0,0,0,0,0,0
1,relatively,relativamente,0,0,0,0,0,0
1,relax,relajarse,0,0,0,0,0,0
1,release,liberar/soltar,0,0,0,0,0,0
1,relevant,relevante,0,0,0,0,0,0
1,relief,alivio,0,0,0,0,0,0
1,religion,religión,0,0,0,0,0,0
1,religious,religioso/a,0,0,0,0,0,0
1,rely,confiar,0,0,0,0,0,0
1,remain,permanecer,0,0,0,0,0,0
1,remaining,restante,0,0,0,0,0,0
1,remarkable,notable,0,0,0,0,0,0
1,remember,recordar,0,0,0,0,0,0
1,remind,recordar (a alguien),0,0,0,0,0,0
1,remote,remoto/a,0,0,0,0,0,0
1,remove,remover,0,0,0,0,0,0
1,repeat,repetir,0,0,0,0,0,0
1,repeatedly,repetidamente,0,0,0,0,0,0
1,replace,reemplazar,0,0,0,0,0,0
1,reply,responder,0,0,0,0,0,0
1,report,informe,0,0,0,0,0,0
1,reporter,reportero/a,0,0,0,0,0,0
1,represent,representar,0,0,0,0,0,0
1,representation,representación,0,0,0,0,0,0
1,representative,representante,0,0,0,0,0,0
1,Republican,Republicano/a,0,0,0,0,0,0
1,reputation,reputación,0,0,0,0,0,0
1,request,solicitud,0,0,0,0,0,0
1,require,requerir,0,0,0,0,0,0
1,requirement,requisito,0,0,0,0,0,0
1,research,investigación,0,0,0,0,0,0
1,researcher,investigador/a,0,0,0,0,0,0
1,resemble,parecerse,0,0,0,0,0,0
1,reservation,reserva,0,0,0,0,0,0
1,resident,residente,0,0,0,0,0,0
1,resist,resistir,0,0,0,0,0,0
1,resistance,resistencia,0,0,0,0,0,0
1,resolution,resolución,0,0,0,0,0,0
1,resolve,resolver,0,0,0,0,0,0
1,resort,recurso turístico,0,0,0,0,0,0
1,resource,recurso,0,0,0,0,0,0
1,respect,respeto,0,0,0,0,0,0
1,respond,responder,0,0,0,0,0,0
1,respondent,encuestado/a,0,0,0,0,0,0
1,response,respuesta,0,0,0,0,0,0
1,responsibility,responsabilidad,0,0,0,0,0,0
1,responsible,responsable,0,0,0,0,0,0
1,rest,descanso,0,0,0,0,0,0
1,restaurant,restaurante,0,0,0,0,0,0
1,restore,restaurar,0,0,0,0,0,0
1,restriction,restricción,0,0,0,0,0,0
1,result,resultado,0,0,0,0,0,0
1,retain,retener,0,0,0,0,0,0
1,retire,jubilarse,0,0,0,0,0,0
1,retirement,jubilación,0,0,0,0,0,0
1,return,regresar,0,0,0,0,0,0
1,reveal,revelar,0,0,0,0,0,0
1,revenue,ingresos,0,0,0,0,0,0
1,review,reseña,0,0,0,0,0,0
1,revolution,revolución,0,0,0,0,0,0
1,rhythm,ritmo,0,0,0,0,0,0
1,rice,arroz,0,0,0,0,0,0
1,rich,rico,0,0,0,0,0,0
1,rid,deshacerse de,0,0,0,0,0,0
1,ride,montar,0,0,0,0,0,0
1,rifle,rifle,0,0,0,0,0,0
1,right,derecho,0,0,0,0,0,0
1,ring,anillo,0,0,0,0,0,0
1,rise,levantarse,0,0,0,0,0,0
1,risk,riesgo,0,0,0,0,0,0
1,river,río,0,0,0,0,0,0
1,road,carretera,0,0,0,0,0,0
1,rock,roca,0,0,0,0,0,0
1,role,papel,0,0,0,0,0,0
1,roll,rodar,0,0,0,0,0,0
1,romantic,romántico/a,0,0,0,0,0,0
1,roof,techo,0,0,0,0,0,0
1,room,habitación,0,0,0,0,0,0
1,root,raíz,0,0,0,0,0,0
1,rope,cuerda,0,0,0,0,0,0
1,rose,rosa,0,0,0,0,0,0
1,rough,áspero/a,0,0,0,0,0,0
1,roughly,aproximadamente,0,0,0,0,0,0
1,round,redondo/a,0,0,0,0,0,0
1,route,ruta,0,0,0,0,0,0
1,routine,rutina,0,0,0,0,0,0
1,row,fila,0,0,0,0,0,0
1,rub,frotar,0,0,0,0,0,0
1,rule,regla,0,0,0,0,0,0
1,run,correr,0,0,0,0,0,0
1,running,en funcionamiento,0,0,0,0,0,0
1,rural,rural,0,0,0,0,0,0
1,rush,prisa,0,0,0,0,0,0
1,Russian,ruso/a,0,0,0,0,0,0
1,sacred,sagrado/a,0,0,0,0,0,0
1,sad,triste,0,0,0,0,0,0
1,safe,seguro/a,0,0,0,0,0,0
1,safety,seguridad,0,0,0,0,0,0
1,sake,bien,0,0,0,0,0,0
1,salad,ensalada,0,0,0,0,0,0
1,salary,salario,0,0,0,0,0,0
1,sale,venta,0,0,0,0,0,0
1,sales,ventas,0,0,0,0,0,0
1,salt,sal,0,0,0,0,0,0
1,same,mismo/a,0,0,0,0,0,0
1,sample,muestra,0,0,0,0,0,0
1,sanction,sanción,0,0,0,0,0,0
1,sand,arena,0,0,0,0,0,0
1,satellite,satélite,0,0,0,0,0,0
1,satisfaction,satisfacción,0,0,0,0,0,0
1,satisfy,satisfacer,0,0,0,0,0,0
1,sauce,salsa,0,0,0,0,0,0
1,save,guardar,0,0,0,0,0,0
1,saving,ahorro,0,0,0,0,0,0
1,say,decir,0,0,0,0,0,0
1,scale,escala,0,0,0,0,0,0
1,scandal,escándalo,0,0,0,0,0,0
1,scared,asustado/a,0,0,0,0,0,0
1,scenario,escenario,0,0,0,0,0,0
1,scene,escena,0,0,0,0,0,0
1,schedule,horario,0,0,0,0,0,0
1,scheme,esquema,0,0,0,0,0,0
1,scholar,becario/a,0,0,0,0,0,0
1,scholarship,beca,0,0,0,0,0,0
1,school,escuela,0,0,0,0,0,0
1,science,ciencia,0,0,0,0,0,0
1,scientific,científico/a,0,0,0,0,0,0
1,scientist,científico/a,0,0,0,0,0,0
1,scope,alcance,0,0,0,0,0,0
1,score,puntuación,0,0,0,0,0,0
1,scream,gritar,0,0,0,0,0,0
1,screen,pantalla,0,0,0,0,0,0
1,script,guión,0,0,0,0,0,0
1,sea,mar,0,0,0,0,0,0
1,search,buscar,0,0,0,0,0,0
1,season,temporada,0,0,0,0,0,0
1,seat,asiento,0,0,0,0,0,0
1,second,segundo/a,0,0,0,0,0,0
1,secret,secreto/a,0,0,0,0,0,0
1,secretary,secretario/a,0,0,0,0,0,0
1,section,sección,0,0,0,0,0,0
1,sector,sector,0,0,0,0,0,0
1,secure,seguro/a,0,0,0,0,0,0
1,security,seguridad,0,0,0,0,0,0
1,see,ver,0,0,0,0,0,0
1,seed,semilla,0,0,0,0,0,0
1,seek,buscar,0,0,0,0,0,0
1,seem,parecer,0,0,0,0,0,0
1,segment,segmento,0,0,0,0,0,0
1,seize,apoderarse de,0,0,0,0,0,0
1,select,seleccionar,0,0,0,0,0,0
1,selection,selección,0,0,0,0,0,0
1,self,yo mismo/a,0,0,0,0,0,0
1,sell,vender,0,0,0,0,0,0
1,Senate,Senado,0,0,0,0,0,0
1,senator,senador/a,0,0,0,0,0,0
1,send,enviar,0,0,0,0,0,0
1,senior,mayor,0,0,0,0,0,0
1,sense,sentido,0,0,0,0,0,0
1,sensitive,sensible,0,0,0,0,0,0
1,sentence,sentencia,0,0,0,0,0,0
1,separate,separar,0,0,0,0,0,0
1,sequence,secuencia,0,0,0,0,0,0
1,series,serie,0,0,0,0,0,0
1,serious,serio/a,0,0,0,0,0,0
1,seriously,seriamente,0,0,0,0,0,0
1,serve,servir,0,0,0,0,0,0
1,service,servicio,0,0,0,0,0,0
1,session,sesión,0,0,0,0,0,0
1,set,conjunto,0,0,0,0,0,0
1,setting,entorno/ajuste/configuración,0,0,0,0,0,0
1,settle,establecer/arreglar/instalar/pagar una deuda,0,0,0,0,0,0
1,settlement,asentamiento/arreglo/acuerdo/liquidación,0,0,0,0,0,0
1,seven,siete,0,0,0,0,0,0
1,several,varios,0,0,0,0,0,0
1,severe,grave/severo,0,0,0,0,0,0
1,sex,sexo,0,0,0,0,0,0
1,sexual,sexual,0,0,0,0,0,0
1,shade,sombra,0,0,0,0,0,0
1,shadow,sombra,0,0,0,0,0,0
1,shake,agitar/mover/sacudir,0,0,0,0,0,0
1,shall,deber/haber de,0,0,0,0,0,0
1,shape,forma,0,0,0,0,0,0
1,share,compartir,0,0,0,0,0,0
1,sharp,afilado/agudo,0,0,0,0,0,0
1,she,ella,0,0,0,0,0,0
1,sheet,hoja/sábana,0,0,0,0,0,0
1,shelf,estante,0,0,0,0,0,0
1,shell,concha/cáscara,0,0,0,0,0,0
1,shelter,refugio/albergue,0,0,0,0,0,0
1,shift,cambio/turno,0,0,0,0,0,0
1,shine,brillar,0,0,0,0,0,0
1,ship,barco/navío,0,0,0,0,0,0
1,shirt,camisa,0,0,0,0,0,0
1,shit,mierda,0,0,0,0,0,0
1,shock,choque/susto,0,0,0,0,0,0
1,shoe,zapato,0,0,0,0,0,0
1,shoot,disparar/filmar,0,0,0,0,0,0
1,shooting,tiroteo/rodaje,0,0,0,0,0,0
1,shop,tienda,0,0,0,0,0,0
1,shopping,compras,0,0,0,0,0,0
1,shore,orilla/costa,0,0,0,0,0,0
1,short,corto,0,0,0,0,0,0
1,shortly,en breve/pronto,0,0,0,0,0,0
1,shot,disparo,0,0,0,0,0,0
1,should,debería/deberían,0,0,0,0,0,0
1,shoulder,hombro,0,0,0,0,0,0
1,shout,gritar,0,0,0,0,0,0
1,show,mostrar,0,0,0,0,0,0
1,shower,ducha,0,0,0,0,0,0
1,shrug,encogerse de hombros,0,0,0,0,0,0
1,shut,cerrar,0,0,0,0,0,0
1,sick,enfermo,0,0,0,0,0,0
1,side,lado,0,0,0,0,0,0
1,sigh,suspirar,0,0,0,0,0,0
1,sight,vista,0,0,0,0,0,0
1,sign,signo/firmar,0,0,0,0,0,0
1,signal,señal,0,0,0,0,0,0
1,significance,importancia,0,0,0,0,0,0
1,significant,significativo,0,0,0,0,0,0
1,significantly,significativamente,0,0,0,0,0,0
1,silence,silencio,0,0,0,0,0,0
1,silent,silencioso,0,0,0,0,0,0
1,silver,plata,0,0,0,0,0,0
1,similar,similar,0,0,0,0,0,0
1,similarly,de manera similar,0,0,0,0,0,0
1,simple,simple/sencillo,0,0,0,0,0,0
1,simply,simplemente,0,0,0,0,0,0
1,sin,pecado,0,0,0,0,0,0
1,since,desde/dado que,0,0,0,0,0,0
1,sing,cantar,0,0,0,0,0,0
1,singer,cantante,0,0,0,0,0,0
1,single,soltero/único,0,0,0,0,0,0
1,sink,hundirse/fregadero,0,0,0,0,0,0
1,sir,señor,0,0,0,0,0,0
1,sister,hermana,0,0,0,0,0,0
1,sit,sentarse,0,0,0,0,0,0
1,site,sitio/lugar,0,0,0,0,0,0
1,situation,situación,0,0,0,0,0,0
1,six,seis,0,0,0,0,0,0
1,size,tamaño,0,0,0,0,0,0
1,ski,esquiar,0,0,0,0,0,0
1,skill,habilidad/destreza,0,0,0,0,0,0
1,skin,piel,0,0,0,0,0,0
1,sky,cielo,0,0,0,0,0,0
1,slave,esclavo,0,0,0,0,0,0
1,sleep,dormir,0,0,0,0,0,0
1,slice,rebanada,0,0,0,0,0,0
1,slide,deslizar,0,0,0,0,0,0
1,slight,ligero,0,0,0,0,0,0
1,slightly,ligeramente,0,0,0,0,0,0
1,slip,deslizarse/deslizar,0,0,0,0,0,0
1,slow,lento,0,0,0,0,0,0
1,slowly,lentamente,0,0,0,0,0,0
1,small,pequeño,0,0,0,0,0,0
1,smart,inteligente,0,0,0,0,0,0
1,smell,olor,0,0,0,0,0,0
1,smile,sonreír,0,0,0,0,0,0
1,smoke,humo,0,0,0,0,0,0
1,smooth,suave/liso,0,0,0,0,0,0
1,snap,chasquear,0,0,0,0,0,0
1,snow,nieve,0,0,0,0,0,0
1,so,entonces/por lo tanto,0,0,0,0,0,0
1,so-called,supuesto,0,0,0,0,0,0
1,soccer,fútbol,0,0,0,0,0,0
1,social,social,0,0,0,0,0,0
1,society,sociedad,0,0,0,0,0,0
1,soft,suave,0,0,0,0,0,0
1,software,software,0,0,0,0,0,0
1,soil,suelo,0,0,0,0,0,0
1,solar,solar,0,0,0,0,0,0
1,soldier,soldado,0,0,0,0,0,0
1,solid,sólido,0,0,0,0,0,0
1,solution,solución,0,0,0,0,0,0
1,solve,resolver,0,0,0,0,0,0
1,some,algunos,0,0,0,0,0,0
1,somebody,alguien,0,0,0,0,0,0
1,somehow,de alguna manera,0,0,0,0,0,0
1,someone,alguien,0,0,0,0,0,0
1,something,algo,0,0,0,0,0,0
1,sometimes,a veces,0,0,0,0,0,0
1,somewhat,algo,0,0,0,0,0,0
1,somewhere,en algún lugar,0,0,0,0,0,0
1,son,hijo,0,0,0,0,0,0
1,song,canción,0,0,0,0,0,0
1,soon,pronto,0,0,0,0,0,0
1,sophisticated,sofisticado,0,0,0,0,0,0
1,sorry,lo siento,0,0,0,0,0,0
1,sort,tipo/clase,0,0,0,0,0,0
1,soul,alma,0,0,0,0,0,0
1,sound,sonido,0,0,0,0,0,0
1,soup,sopa,0,0,0,0,0,0
1,source,fuente,0,0,0,0,0,0
1,south,sur,0,0,0,0,0,0
1,southern,sureño,0,0,0,0,0,0
1,Soviet,soviético,0,0,0,0,0,0
1,space,espacio,0,0,0,0,0,0
1,Spanish,español,0,0,0,0,0,0
1,speak,hablar,0,0,0,0,0,0
1,speaker,orador/ponente,0,0,0,0,0,0
1,special,especial,0,0,0,0,0,0
1,specialist,especialista,0,0,0,0,0,0
1,species,especie,0,0,0,0,0,0
1,specific,específico,0,0,0,0,0,0
1,specifically,específicamente,0,0,0,0,0,0
1,speech,discurso,0,0,0,0,0,0
1,speed,velocidad,0,0,0,0,0,0
1,spend,gastar/pasar,0,0,0,0,0,0
1,spending,gastos,0,0,0,0,0,0
1,spin,girar,0,0,0,0,0,0
1,spirit,espíritu,0,0,0,0,0,0
1,spiritual,espiritual,0,0,0,0,0,0
1,split,dividir,0,0,0,0,0,0
1,spokesman,portavoz,0,0,0,0,0,0
1,sport,deporte,0,0,0,0,0,0
1,spot,lugar/punto,0,0,0,0,0,0
1,spread,extender/difundir,0,0,0,0,0,0
1,spring,primavera,0,0,0,0,0,0
1,square,cuadrado,0,0,0,0,0,0
1,squeeze,exprimir/apretar,0,0,0,0,0,0
1,stability,estabilidad,0,0,0,0,0,0
1,stable,estable,0,0,0,0,0,0
1,staff,personal,0,0,0,0,0,0
1,stage,escenario,0,0,0,0,0,0
1,stair,escalera,0,0,0,0,0,0
1,stake,apuesta/riesgo,0,0,0,0,0,0
1,stand,estar de pie,0,0,0,0,0,0
1,standard,estándar,0,0,0,0,0,0
1,standing,posición/estar de pie,0,0,0,0,0,0
1,star,estrella,0,0,0,0,0,0
1,stare,mirar fijamente,0,0,0,0,0,0
1,start,comenzar,0,0,0,0,0,0
1,state,estado,0,0,0,0,0,0
1,statement,declaración,0,0,0,0,0,0
1,station,estación,0,0,0,0,0,0
1,statistics,estadísticas,0,0,0,0,0,0
1,status,estado/condición,0,0,0,0,0,0
1,stay,quedarse,0,0,0,0,0,0
1,steady,estable/firme,0,0,0,0,0,0
1,steal,robar,0,0,0,0,0,0
1,steel,acero,0,0,0,0,0,0
1,step,paso,0,0,0,0,0,0
1,stick,pegar,0,0,0,0,0,0
1,still,todavía,0,0,0,0,0,0
1,stir,revolver,0,0,0,0,0,0
1,stock,stock/inventario,0,0,0,0,0,0
1,stomach,estómago,0,0,0,0,0,0
1,stone,piedra,0,0,0,0,0,0
1,stop,detener,0,0,0,0,0,0
1,storage,almacenamiento,0,0,0,0,0,0
1,store,tienda,0,0,0,0,0,0
1,storm,tormenta,0,0,0,0,0,0
1,story,historia/cuento,0,0,0,0,0,0
1,straight,derecho,0,0,0,0,0,0
1,strange,extraño,0,0,0,0,0,0
1,stranger,extraño,0,0,0,0,0,0
1,strategic,estratégico,0,0,0,0,0,0
1,strategy,estrategia,0,0,0,0,0,0
1,stream,arroyo,0,0,0,0,0,0
1,street,calle,0,0,0,0,0,0
1,strength,fuerza,0,0,0,0,0,0
1,strengthen,fortalecer,0,0,0,0,0,0
1,stress,estrés,0,0,0,0,0,0
1,stretch,estirar,0,0,0,0,0,0
1,strike,huelga/golpear,0,0,0,0,0,0
1,string,cuerda,0,0,0,0,0,0
1,strip,despojar,0,0,0,0,0,0
1,stroke,trazo/golpe,0,0,0,0,0,0
1,strong,fuerte,0,0,0,0,0,0
1,strongly,firmemente,0,0,0,0,0,0
1,structure,estructura,0,0,0,0,0,0
1,struggle,luchar,0,0,0,0,0,0
1,student,estudiante,0,0,0,0,0,0
1,studio,estudio,0,0,0,0,0,0
1,study,estudio/estudiar,0,0,0,0,0,0
1,stuff,cosas/materiales,0,0,0,0,0,0
1,stupid,estúpido,0,0,0,0,0,0
1,style,estilo,0,0,0,0,0,0
1,subject,sujeto/tema,0,0,0,0,0,0
1,submit,enviar/someter,0,0,0,0,0,0
1,subsequent,posterior,0,0,0,0,0,0
1,substance,sustancia,0,0,0,0,0,0
1,substantial,sustancial,0,0,0,0,0,0
1,succeed,tener éxito,0,0,0,0,0,0
1,success,éxito,0,0,0,0,0,0
1,successful,exitoso,0,0,0,0,0,0
1,successfully,exitosamente,0,0,0,0,0,0
1,such,tal/tales,0,0,0,0,0,0
1,sudden,repentino,0,0,0,0,0,0
1,suddenly,de repente,0,0,0,0,0,0
1,sue,demandar,0,0,0,0,0,0
1,suffer,sufrir,0,0,0,0,0,0
1,sufficient,suficiente,0,0,0,0,0,0
1,sugar,azúcar,0,0,0,0,0,0
1,suggest,sugerir,0,0,0,0,0,0
1,suggestion,sugerencia,0,0,0,0,0,0
1,suicide,suicidio,0,0,0,0,0,0
1,suit,traje/ajustarse,0,0,0,0,0,0
1,summer,verano,0,0,0,0,0,0
1,summit,cumbre,0,0,0,0,0,0
1,sun,sol,0,0,0,0,0,0
1,super,super,0,0,0,0,0,0
1,supply,suministro,0,0,0,0,0,0
1,support,apoyar/apoyo,0,0,0,0,0,0
1,supporter,partidario,0,0,0,0,0,0
1,suppose,suponer,0,0,0,0,0,0
1,supposed,supuesto,0,0,0,0,0,0
1,Supreme,Supremo,0,0,0,0,0,0
1,sure,seguro,0,0,0,0,0,0
1,surely,seguramente,0,0,0,0,0,0
1,surface,superficie,0,0,0,0,0,0
1,surgery,cirugía,0,0,0,0,0,0
1,surprise,sorpresa,0,0,0,0,0,0
1,surprised,sorprendido,0,0,0,0,0,0
1,surprising,sorprendente,0,0,0,0,0,0
1,surprisingly,sorprendentemente,0,0,0,0,0,0
1,surround,rodear,0,0,0,0,0,0
1,survey,encuesta,0,0,0,0,0,0
1,survival,supervivencia,0,0,0,0,0,0
1,survive,sobrevivir,0,0,0,0,0,0
1,survivor,superviviente,0,0,0,0,0,0
1,suspect,sospechoso/a,0,0,0,0,0,0
1,sustain,sostener,0,0,0,0,0,0
1,swear,jurar,0,0,0,0,0,0
1,sweep,barrer,0,0,0,0,0,0
1,sweet,dulce,0,0,0,0,0,0
1,swim,nadar,0,0,0,0,0,0
1,swing,columpiar,0,0,0,0,0,0
1,switch,cambiar,0,0,0,0,0,0
1,symbol,símbolo,0,0,0,0,0,0
1,symptom,síntoma,0,0,0,0,0,0
1,system,sistema,0,0,0,0,0,0
1,table,mesa,0,0,0,0,0,0
1,tablespoon,cucharada,0,0,0,0,0,0
1,tactic,táctica,0,0,0,0,0,0
1,tail,cola,0,0,0,0,0,0
1,take,tomar,0,0,0,0,0,0
1,tale,cuento,0,0,0,0,0,0
1,talent,talento,0,0,0,0,0,0
1,talk,hablar,0,0,0,0,0,0
1,tall,alto,0,0,0,0,0,0
1,tank,tanque,0,0,0,0,0,0
1,tap,grifo,0,0,0,0,0,0
1,tape,cinta,0,0,0,0,0,0
1,target,objetivo,0,0,0,0,0,0
1,task,tarea,0,0,0,0,0,0
1,taste,sabor,0,0,0,0,0,0
1,tax,impuesto,0,0,0,0,0,0
1,taxpayer,contribuyente,0,0,0,0,0,0
1,tea,té,0,0,0,0,0,0
1,teach,enseñar,0,0,0,0,0,0
1,teacher,profesor/a,0,0,0,0,0,0
1,teaching,enseñanza,0,0,0,0,0,0
1,team,equipo,0,0,0,0,0,0
1,tear,lágrima,0,0,0,0,0,0
1,teaspoon,cucharadita,0,0,0,0,0,0
1,technical,técnico/a,0,0,0,0,0,0
1,technique,técnica,0,0,0,0,0,0
1,technology,tecnología,0,0,0,0,0,0
1,teen,adolescente,0,0,0,0,0,0
1,teenager,adolescente,0,0,0,0,0,0
1,telephone,teléfono,0,0,0,0,0,0
1,telescope,telescopio,0,0,0,0,0,0
1,television,televisión,0,0,0,0,0,0
1,tell,decir,0,0,0,0,0,0
1,temperature,temperatura,0,0,0,0,0,0
1,temporary,temporal,0,0,0,0,0,0
1,ten,diez,0,0,0,0,0,0
1,tend,tender,0,0,0,0,0,0
1,tendency,tendencia,0,0,0,0,0,0
1,tennis,tenis,0,0,0,0,0,0
1,tension,tensión,0,0,0,0,0,0
1,tent,tienda de campaña,0,0,0,0,0,0
1,term,término,0,0,0,0,0,0
1,terms,términos,0,0,0,0,0,0
1,terrible,terrible,0,0,0,0,0,0
1,territory,territorio,0,0,0,0,0,0
1,terror,terror,0,0,0,0,0,0
1,terrorism,terrorismo,0,0,0,0,0,0
1,terrorist,terrorista,0,0,0,0,0,0
1,test,prueba,0,0,0,0,0,0
1,testify,testificar,0,0,0,0,0,0
1,testimony,testimonio,0,0,0,0,0,0
1,testing,prueba,0,0,0,0,0,0
1,text,texto,0,0,0,0,0,0
1,than,que,0,0,0,0,0,0
1,thank,agradecer,0,0,0,0,0,0
1,thanks,gracias,0,0,0,0,0,0
1,that,ese/esa/aquel/aquella,0,0,0,0,0,0
1,the,el/la,0,0,0,0,0,0
1,theater,teatro,0,0,0,0,0,0
1,their,su (de ellos/ellas),0,0,0,0,0,0
1,them,ellos/ellas,0,0,0,0,0,0
1,theme,tema,0,0,0,0,0,0
1,themselves,ellos/ellas mismos/as,0,0,0,0,0,0
1,then,entonces,0,0,0,0,0,0
1,theory,teoría,0,0,0,0,0,0
1,therapy,terapia,0,0,0,0,0,0
1,there,allí,0,0,0,0,0,0
1,therefore,por lo tanto,0,0,0,0,0,0
1,these,estos/as,0,0,0,0,0,0
1,they,ellos/ellas,0,0,0,0,0,0
1,thick,grueso/a,0,0,0,0,0,0
1,thin,delgado/a,0,0,0,0,0,0
1,thing,cosa,0,0,0,0,0,0
1,think,pensar,0,0,0,0,0,0
1,thinking,pensamiento,0,0,0,0,0,0
1,third,tercero/a,0,0,0,0,0,0
1,thirty,treinta,0,0,0,0,0,0
1,this,este/a,0,0,0,0,0,0
1,those,aquellos/as,0,0,0,0,0,0
1,though,aunque,0,0,0,0,0,0
1,thought,pensamiento,0,0,0,0,0,0
1,thousand,mil,0,0,0,0,0,0
1,threat,amenaza,0,0,0,0,0,0
1,threaten,amenazar,0,0,0,0,0,0
1,three,tres,0,0,0,0,0,0
1,throat,garganta,0,0,0,0,0,0
1,through,a través de,0,0,0,0,0,0
1,throughout,a lo largo de,0,0,0,0,0,0
1,throw,lanzar,0,0,0,0,0,0
1,thus,así,0,0,0,0,0,0
1,ticket,boleto,0,0,0,0,0,0
1,tie,corbata,0,0,0,0,0,0
1,tight,ajustado/a,0,0,0,0,0,0
1,time,tiempo,0,0,0,0,0,0
1,tiny,diminuto/a,0,0,0,0,0,0
1,tip,propina,0,0,0,0,0,0
1,tire,neumático,0,0,0,0,0,0
1,tired,cansado/a,0,0,0,0,0,0
1,tissue,tejido,0,0,0,0,0,0
1,title,título,0,0,0,0,0,0
1,to,a/hacia,0,0,0,0,0,0
1,tobacco,tabaco,0,0,0,0,0,0
1,today,hoy,0,0,0,0,0,0
1,toe,dedo del pie,0,0,0,0,0,0
1,together,juntos/as,0,0,0,0,0,0
1,tomato,tomate,0,0,0,0,0,0
1,tomorrow,mañana,0,0,0,0,0,0
1,tone,tono,0,0,0,0,0,0
1,tongue,lengua,0,0,0,0,0,0
1,tonight,esta noche,0,0,0,0,0,0
1,too,también,0,0,0,0,0,0
1,tool,herramienta,0,0,0,0,0,0
1,tooth,diente,0,0,0,0,0,0
1,top,parte superior,0,0,0,0,0,0
1,topic,tema,0,0,0,0,0,0
1,toss,lanzar,0,0,0,0,0,0
1,total,total,0,0,0,0,0,0
1,totally,totalmente,0,0,0,0,0,0
1,touch,tocar,0,0,0,0,0,0
1,tough,duro/a,0,0,0,0,0,0
1,tour,gira,0,0,0,0,0,0
1,tourist,turista,0,0,0,0,0,0
1,tournament,torneo,0,0,0,0,0,0
1,toward,hacia,0,0,0,0,0,0
1,towards,hacia,0,0,0,0,0,0
1,tower,torre,0,0,0,0,0,0
1,town,pueblo,0,0,0,0,0,0
1,toy,juguete,0,0,0,0,0,0
1,trace,rastro,0,0,0,0,0,0
1,track,pista,0,0,0,0,0,0
1,trade,comercio,0,0,0,0,0,0
1,tradition,tradición,0,0,0,0,0,0
1,traditional,tradicional,0,0,0,0,0,0
1,traffic,tráfico,0,0,0,0,0,0
1,tragedy,tragedia,0,0,0,0,0,0
1,trail,sendero,0,0,0,0,0,0
1,train,tren,0,0,0,0,0,0
1,training,entrenamiento,0,0,0,0,0,0
1,transfer,transferir,0,0,0,0,0,0
1,transform,transformar,0,0,0,0,0,0
1,transformation,transformación,0,0,0,0,0,0
1,transition,transición,0,0,0,0,0,0
1,translate,traducir,0,0,0,0,0,0
1,transportation,transporte,0,0,0,0,0,0
1,travel,viajar,0,0,0,0,0,0
1,treat,tratar,0,0,0,0,0,0
1,treatment,tratamiento,0,0,0,0,0,0
1,treaty,tratado,0,0,0,0,0,0
1,tree,árbol,0,0,0,0,0,0
1,tremendous,tremendo,0,0,0,0,0,0
1,trend,tendencia,0,0,0,0,0,0
1,trial,juicio,0,0,0,0,0,0
1,tribe,tribu,0,0,0,0,0,0
1,trick,truco,0,0,0,0,0,0
1,trip,viaje,0,0,0,0,0,0
1,troop,tropa,0,0,0,0,0,0
1,trouble,problema,0,0,0,0,0,0
1,truck,camión,0,0,0,0,0,0
1,true,verdadero,0,0,0,0,0,0
1,truly,verdaderamente,0,0,0,0,0,0
1,trust,confiar,0,0,0,0,0,0
1,truth,verdad,0,0,0,0,0,0
1,try,intentar,0,0,0,0,0,0
1,tube,tubo,0,0,0,0,0,0
1,tunnel,túnel,0,0,0,0,0,0
1,turn,girar,0,0,0,0,0,0
1,TV,televisión,0,0,0,0,0,0
1,twelve,doce,0,0,0,0,0,0
1,twenty,veinte,0,0,0,0,0,0
1,twice,dos veces,0,0,0,0,0,0
1,twin,gemelo,0,0,0,0,0,0
1,two,dos,0,0,0,0,0,0
1,type,tipo,0,0,0,0,0,0
1,typical,típico,0,0,0,0,0,0
1,typically,típicamente,0,0,0,0,0,0
1,ugly,feo,0,0,0,0,0,0
1,ultimate,final,0,0,0,0,0,0
1,ultimately,en última instancia,0,0,0,0,0,0
1,unable,incapaz,0,0,0,0,0,0
1,uncle,tío,0,0,0,0,0,0
1,under,debajo de,0,0,0,0,0,0
1,undergo,experimentar,0,0,0,0,0,0
1,understand,entender,0,0,0,0,0,0
1,understanding,comprensión,0,0,0,0,0,0
1,unfortunately,desafortunadamente,0,0,0,0,0,0
1,uniform,uniforme,0,0,0,0,0,0
1,union,unión,0,0,0,0,0,0
1,unique,único,0,0,0,0,0,0
1,unit,unidad,0,0,0,0,0,0
1,United,Unido,0,0,0,0,0,0
1,universal,universal,0,0,0,0,0,0
1,universe,universo,0,0,0,0,0,0
1,university,universidad,0,0,0,0,0,0
1,unknown,desconocido,0,0,0,0,0,0
1,unless,a menos que,0,0,0,0,0,0
1,unlike,a diferencia de,0,0,0,0,0,0
1,unlikely,improbable,0,0,0,0,0,0
1,until,hasta,0,0,0,0,0,0
1,unusual,inusual,0,0,0,0,0,0
1,up,arriba,0,0,0,0,0,0
1,upon,sobre,0,0,0,0,0,0
1,upper,superior,0,0,0,0,0,0
1,urban,urbano,0,0,0,0,0,0
1,urge,urgir,0,0,0,0,0,0
1,us,nosotros,0,0,0,0,0,0
1,use,usar,0,0,0,0,0,0
1,used,usado,0,0,0,0,0,0
1,useful,útil,0,0,0,0,0,0
1,user,usuario,0,0,0,0,0,0
1,usual,usual,0,0,0,0,0,0
1,usually,usualmente,0,0,0,0,0,0
1,utility,utilidad,0,0,0,0,0,0
1,vacation,vacaciones,0,0,0,0,0,0
1,valley,valle,0,0,0,0,0,0
1,valuable,valioso,0,0,0,0,0,0
1,value,valor,0,0,0,0,0,0
1,variable,variable,0,0,0,0,0,0
1,variation,variación,0,0,0,0,0,0
1,variety,variedad,0,0,0,0,0,0
1,various,varios,0,0,0,0,0,0
1,vary,variar,0,0,0,0,0,0
1,vast,vasto,0,0,0,0,0,0
1,vegetable,vegetal,0,0,0,0,0,0
1,vehicle,vehículo,0,0,0,0,0,0
1,venture,aventura,0,0,0,0,0,0
1,version,versión,0,0,0,0,0,0
1,versus,contra,0,0,0,0,0,0
1,very,muy,0,0,0,0,0,0
1,vessel,barco,0,0,0,0,0,0
1,veteran,veterano,0,0,0,0,0,0
1,via,a través de,0,0,0,0,0,0
1,victim,víctima,0,0,0,0,0,0
1,victory,victoria,0,0,0,0,0,0
1,video,video,0,0,0,0,0,0
1,view,vista,0,0,0,0,0,0
1,viewer,espectador,0,0,0,0,0,0
1,village,pueblo,0,0,0,0,0,0
1,violate,violar,0,0,0,0,0,0
1,violation,violación,0,0,0,0,0,0
1,violence,violencia,0,0,0,0,0,0
1,violent,violento,0,0,0,0,0,0
1,virtually,virtualmente,0,0,0,0,0,0
1,virtue,virtud,0,0,0,0,0,0
1,virus,virus,0,0,0,0,0,0
1,visible,visible,0,0,0,0,0,0
1,vision,visión,0,0,0,0,0,0
1,visit,visitar,0,0,0,0,0,0
1,visitor,visitante,0,0,0,0,0,0
1,visual,visual,0,0,0,0,0,0
1,vital,vital,0,0,0,0,0,0
1,voice,voz,0,0,0,0,0,0
1,volume,volumen,0,0,0,0,0,0
1,volunteer,voluntario,0,0,0,0,0,0
1,vote,votar,0,0,0,0,0,0
1,voter,votante,0,0,0,0,0,0
1,vs,vs (versus),0,0,0,0,0,0
1,vulnerable,vulnerable,0,0,0,0,0,0
1,wage,salario,0,0,0,0,0,0
1,wait,esperar,0,0,0,0,0,0
1,wake,despertar,0,0,0,0,0,0
1,walk,caminar,0,0,0,0,0,0
1,wall,pared,0,0,0,0,0,0
1,wander,deambular,0,0,0,0,0,0
1,want,querer,0,0,0,0,0,0
1,war,guerra,0,0,0,0,0,0
1,warm,cálido,0,0,0,0,0,0
1,warn,advertir,0,0,0,0,0,0
1,warning,advertencia,0,0,0,0,0,0
1,wash,lavar,0,0,0,0,0,0
1,waste,desperdicio,0,0,0,0,0,0
1,watch,ver,0,0,0,0,0,0
1,water,agua,0,0,0,0,0,0
1,wave,ola,0,0,0,0,0,0
1,way,camino,0,0,0,0,0,0
1,we,nosotros,0,0,0,0,0,0
1,weak,débil,0,0,0,0,0,0
1,wealth,riqueza,0,0,0,0,0,0
1,wealthy,rico,0,0,0,0,0,0
1,weapon,arma,0,0,0,0,0,0
1,wear,llevar puesto,0,0,0,0,0,0
1,weather,clima,0,0,0,0,0,0
1,wedding,boda,0,0,0,0,0,0
1,week,semana,0,0,0,0,0,0
1,weekend,fin de semana,0,0,0,0,0,0
1,weekly,semanal,0,0,0,0,0,0
1,weigh,pesar,0,0,0,0,0,0
1,weight,peso,0,0,0,0,0,0
1,welcome,bienvenido,0,0,0,0,0,0
1,welfare,bienestar social,0,0,0,0,0,0
1,well,bien,0,0,0,0,0,0
1,west,oeste,0,0,0,0,0,0
1,western,occidental,0,0,0,0,0,0
1,wet,mojado,0,0,0,0,0,0
1,what,qué,0,0,0,0,0,0
1,whatever,lo que sea,0,0,0,0,0,0
1,wheel,rueda,0,0,0,0,0,0
1,when,cuando,0,0,0,0,0,0
1,whenever,siempre que,0,0,0,0,0,0
1,where,donde,0,0,0,0,0,0
1,whereas,mientras que,0,0,0,0,0,0
1,whether,si,0,0,0,0,0,0
1,which,cual,0,0,0,0,0,0
1,while,mientras,0,0,0,0,0,0
1,whisper,susurrar,0,0,0,0,0,0
1,white,blanco,0,0,0,0,0,0
1,who,quien,0,0,0,0,0,0
1,whole,entero,0,0,0,0,0,0
1,whom,a quien,0,0,0,0,0,0
1,whose,cuyo,0,0,0,0,0,0
1,why,por qué,0,0,0,0,0,0
1,wide,ancho,0,0,0,0,0,0
1,widely,ampliamente,0,0,0,0,0,0
1,widespread,extendido,0,0,0,0,0,0
1,wife,esposa,0,0,0,0,0,0
1,wild,salvaje,0,0,0,0,0,0
1,will,voluntad,0,0,0,0,0,0
1,willing,dispuesto,0,0,0,0,0,0
1,win,ganar,0,0,0,0,0,0
1,wind,viento,0,0,0,0,0,0
1,window,ventana,0,0,0,0,0,0
1,wine,vino,0,0,0,0,0,0
1,wing,ala,0,0,0,0,0,0
1,winner,ganador,0,0,0,0,0,0
1,winter,invierno,0,0,0,0,0,0
1,wipe,limpiar,0,0,0,0,0,0
1,wire,alambre,0,0,0,0,0,0
1,wisdom,sabiduría,0,0,0,0,0,0
1,wise,sabio,0,0,0,0,0,0
1,wish,desear,0,0,0,0,0,0
1,with,con,0,0,0,0,0,0
1,withdraw,retirar,0,0,0,0,0,0
1,within,dentro de,0,0,0,0,0,0
1,without,sin,0,0,0,0,0,0
1,witness,testigo,0,0,0,0,0,0
1,woman,mujer,0,0,0,0,0,0
1,wonder,maravilla,0,0,0,0,0,0
1,wonderful,maravilloso,0,0,0,0,0,0
1,wood,madera,0,0,0,0,0,0
1,wooden,de madera,0,0,0,0,0,0
1,word,palabra,0,0,0,0,0,0
1,work,trabajo,0,0,0,0,0,0
1,worker,trabajador,0,0,0,0,0,0
1,working,trabajando,0,0,0,0,0,0
1,works,obras,0,0,0,0,0,0
1,workshop,taller,0,0,0,0,0,0
1,world,mundo,0,0,0,0,0,0
1,worried,preocupado,0,0,0,0,0,0
1,worry,preocupación,0,0,0,0,0,0
1,worth,valor,0,0,0,0,0,0
1,would,podría,0,0,0,0,0,0
1,wound,herida,0,0,0,0,0,0
1,wrap,envolver,0,0,0,0,0,0
1,write,escribir,0,0,0,0,0,0
1,writer,escritor,0,0,0,0,0,0
1,writing,escritura,0,0,0,0,0,0
1,wrong,equivocado,0,0,0,0,0,0
1,yard,patio,0,0,0,0,0,0
1,yeah,sí,0,0,0,0,0,0
1,year,año,0,0,0,0,0,0
1,yell,gritar,0,0,0,0,0,0
1,yellow,amarillo,0,0,0,0,0,0
1,yes,sí,0,0,0,0,0,0
1,yesterday,ayer,0,0,0,0,0,0
1,yet,todavía,0,0,0,0,0,0
1,yield,ceder,0,0,0,0,0,0
1,you,tú,0,0,0,0,0,0
1,young,joven,0,0,0,0,0,0
1,your,tu,0,0,0,0,0,0
1,yours,tuyo,0,0,0,0,0,0
1,yourself,tu mismo,0,0,0,0,0,0
1,youth,juventud,0,0,0,0,0,0
1,zone,zona,0,0,0,0,0,0
