a, un
abandon, abandonar
ability, habilidad
able, capaz
abortion, aborto
about, acerca de
above, encima de
abroad, en el extranjero
absence, ausencia
absolute, absoluto
absolutely, absolutamente
absorb, absorber
abuse, abuso
academic, académico
accept, aceptar
access, acceso
accident, accidente
accompany, acompañar
accomplish, lograr
according, según
account, cuenta
accurate, preciso
accuse, acusar
achieve, lograr
achievement, logro
acid, ácido
acknowledge, reconocer
acquire, adquirir
across, a través de
act, acto
action, acción
active, activo
activist, activista
activity, actividad
actor, actor
actress, actriz
actual, real
actually, realmente
ad, anuncio
adapt, adaptar
add, añadir
addition, adición
additional, adicional
address, dirección
adequate, adecuado
adjust, ajustar
adjustment, ajuste
administration, administración
administrator, administrador
admire, admirar
admission, admisión
admit, admitir
adolescent, adolescente
adopt, adoptar
adult, adulto
advance, avanzar
advanced, avanzado
advantage, ventaja
adventure, aventura
advertising, publicidad
advice, consejo
advise, aconsejar
adviser, asesor
advocate, defensor
affair, asunto
affect, afectar
afford, permitirse
afraid, temeroso
African, africano
African-American, afroamericano
after, después de
afternoon, tarde
again, de nuevo
against, contra
age, edad
agency, agencia
agenda, agenda
agent, agente
aggressive, agresivo
ago, hace
agree, estar de acuerdo
agreement, acuerdo
agricultural, agrícola
ah, ah
ahead, adelante
aid, ayuda
aide, ayudante
AIDS, SIDA
aim, objetivo
air, aire
aircraft, avión
airline, aerolínea
airport, aeropuerto
album, álbum
alcohol, alcohol
alive, vivo
all, todo
alliance, alianza
allow, permitir
ally, aliado
almost, casi
alone, solo
along, a lo largo de
already, ya
also, también
alter, alterar
alternative, alternativa
although, aunque
always, siempre
AM, AM
amazing, increíble
American, estadounidense
among, entre
amount, cantidad
analysis, análisis
analyst, analista
analyze, analizar
ancient, antiguo
and, y
anger, ira
angle, ángulo
angry, enojado
animal, animal
anniversary, aniversario
announce, anunciar
annual, anual
another, otro
answer, respuesta
anticipate, anticipar
anxiety, ansiedad
any, cualquier
anybody, cualquier persona
anymore, ya no
anyone, alguien
anything, cualquier cosa
anyway, de cualquier manera
anywhere, en cualquier lugar
apart, separado
apartment, apartamento
apparent, aparente
apparently, aparentemente
appeal, apelar
appear, aparecer
appearance, apariencia
apple, manzana
application, solicitud/aplicación
apply, aplicar
appoint, nombrar
appointment, cita/reunión
appreciate, apreciar
approach, enfoque
appropriate, apropiado
approval, aprobación
approve, aprobar
approximately, aproximadamente
Arab, árabe
architect, arquitecto
area, área/zona
argue, discutir/argumentar
argument, argumento
arise, surgir
arm, brazo
armed, armado
army, ejército
around, alrededor
arrange, arreglar
arrangement, arreglo
arrest, arrestar
arrival, llegada
arrive, llegar
art, arte
article, artículo
artist, artista
artistic, artístico
as, como
Asian, asiático
aside, a un lado
ask, preguntar/pedir
asleep, dormido
aspect, aspecto
assault, asalto/agresión
assert, afirmar
assess, evaluar
assessment, evaluación
asset, activo/bien
assign, asignar
assignment, asignación
assist, ayudar/asistir
assistance, ayuda/asistencia
assistant, asistente
associate, asociar
association, asociación
assume, asumir
assumption, suposición
assure, asegurar
at, en/a las
athlete, atleta
athletic, atlético
atmosphere, atmósfera
attach, adjuntar/atar
attack, ataque
attempt, intentar
attend, asistir
attention, atención
attitude, actitud
attorney, abogado
attract, atraer
attractive, atractivo
attribute, atributo
audience, audiencia
author, autor
authority, autoridad
auto, auto/coche
available, disponible
average, promedio
avoid, evitar
award, premio
aware, consciente
awareness, conciencia
away, lejos
awful, horrible
baby, bebé
back, espalda
background, fondo
bad, malo
badly, mal
bag, bolsa
bake, hornear
balance, equilibrio/saldo
ball, pelota
ban, prohibición
band, banda
bank, banco
bar, barra
barely, apenas
barrel, barril
barrier, barrera
base, base
baseball, béisbol
basic, básico
basically, básicamente
basis, base
basket, canasta
basketball, baloncesto
bathroom, baño
battery, batería
battle, batalla
be, ser/estar
beach, playa
bean, frijol
bear, oso/aguantar
beat, golpear
beautiful, hermoso
beauty, belleza
because, porque
become, convertirse
bed, cama
bedroom, dormitorio/habitación
beer, cerveza
before, antes
begin, empezar
beginning, comienzo
behavior, comportamiento
behind, detrás
being, ser
belief, creencia
believe, creer
bell, campana
belong, pertenecer
below, debajo
belt, cinturón
bench, banco
bend, curvar
beneath, debajo de
benefit, beneficio
beside, al lado de
besides, además
best, mejor
bet, apuesta
better, mejor
between, entre
beyond, más allá de
Bible, Biblia
big, grande
bike, bicicleta
bill, factura
billion, billón
bind, atar
biological, biológico
bird, pájaro
birth, nacimiento
birthday, cumpleaños
bit, pedacito
bite, morder
black, negro
blade, hoja
blame, culpar
blanket, manta
blind, ciego
block, bloque
blood, sangre
blow, golpear/soplar
blue, azul
board, tabla
boat, barco
body, cuerpo
bomb, bomba
bombing, atentado con bomba
bond, bono
bone, hueso
book, libro
boom, auge
boot, bota
border, frontera
born, nacer
borrow, pedir prestado
boss, jefe
both, ambos
bother, molestar
bottle, botella
bottom, fondo
boundary, límite
bowl, tazón
box, caja
boy, niño
boyfriend, novio
brain, cerebro
branch, rama
brand, marca
bread, pan
break, romper
breakfast, desayuno
breast, pecho
breath, aliento/respiración
breathe, respirar
brick, ladrillo
bridge, puente
brief, breve
briefly, brevemente
bright, brillante/luminoso
brilliant, brillante/espléndido
bring, traer
British, británico
broad, amplio
broken, roto
brother, hermano
brown, marrón
brush, cepillo
buck, dólar
budget, presupuesto
build, construir
building, edificio
bullet, bala
bunch, grupo
burden, carga/peso
burn, quemar
bury, enterrar
bus, autobús
business, negocio
busy, ocupado
but, pero
butter, mantequilla
button, botón
buy, comprar
buyer, comprador
by, por
cabin, cabaña
cabinet, gabinete
cable, cable
cake, pastel
calculate, calcular
call, llamar
camera, cámara
camp, acampar
campaign, campaña
campus, campus
can, poder
Canadian, canadiense
cancer, cáncer
candidate, candidato
cap, gorra
capability, capacidad
capable, capaz
capacity, capacidad
capital, capital
captain, capitán
capture, capturar
car, coche
carbon, carbón
card, tarjeta
care, cuidado
career, carrera
careful, cuidadoso
carefully, cuidadosamente
carrier, portador
carry, llevar
case, caso
cash, efectivo
cast, elenco
cat, gato
catch, atrapar
category, categoría
Catholic, católico
cause, causa
ceiling, techo
celebrate, celebrar
celebration, celebración
celebrity, celebridad
cell, célula
center, centro
central, central
century, siglo
CEO, CEO (Director Ejecutivo)
ceremony, ceremonia
certain, cierto
certainly, ciertamente
chain, cadena
chair, silla
chairman, presidente (de una organización)
challenge, desafío
chamber, cámara
champion, campeón
championship, campeonato
chance, oportunidad
change, cambio
changing, cambiante
channel, canal
chapter, capítulo
character, personaje
characteristic, característica
characterize, caracterizar
charge, cargo
charity, caridad
chart, gráfico
chase, perseguir
cheap, barato
check, comprobar
cheek, mejilla
cheese, queso
chef, chef
chemical, químico
chest, pecho
chicken, pollo
chief, jefe
child, niño/a
childhood, infancia
Chinese, chino
chip, chip
chocolate, chocolate
choice, elección
cholesterol, colesterol
choose, elegir
Christian, cristiano
Christmas, Navidad
church, iglesia
cigarette, cigarrillo
circle, círculo
circumstance, circunstancia
cite, citar
citizen, ciudadano/a
city, ciudad
civil, civil
civilian, civil (no militar)
claim, reclamar
class, clase
classic, clásico
classroom, aula
clean, limpio
clear, claro
clearly, claramente
client, cliente
climate, clima
climb, subir
clinic, clínica
clinical, clínico
clock, reloj
close, cerrar
closely, de cerca
closer, más cerca
clothes, ropa
clothing, ropa
cloud, nube
club, club
clue, pista
cluster, agrupación
coach, entrenador
coal, carbón
coalition, coalición
coast, costa
coat, abrigo
code, código
coffee, café
cognitive, cognitivo
cold, frío
collapse, colapso
colleague, colega
collect, recolectar
collection, colección
collective, colectivo
college, universidad
colonial, colonial
color, color
column, columna
combination, combinación
combine, combinar
come, venir
comedy, comedia
comfort, comodidad
comfortable, cómodo
command, comando
commander, comandante
comment, comentario
commercial, comercial
commission, comisión
commit, comprometerse
commitment, compromiso
committee, comité
common, común
communicate, comunicar
communication, comunicación
community, comunidad
company, empresa
compare, comparar
comparison, comparación
compete, competir
competition, competencia
competitive, competitivo
competitor, competidor
complain, quejarse
complaint, queja
complete, completar
completely, completamente
complex, complejo
complicated, complicado
component, componente
compose, componer
composition, composición
comprehensive, completo
computer, computadora
concentrate, concentrarse
concentration, concentración
concept, concepto
concern, preocupación
concerned, preocupado/a
concert, concierto
conclude, concluir
conclusion, conclusión
concrete, concreto/a
condition, condición
conduct, conducta
conference, conferencia
confidence, confianza
confident, seguro/a de sí mismo/a
confirm, confirmar
conflict, conflicto
confront, enfrentar
confusion, confusión
Congress, Congreso
congressional, congresional
connect, conectar
connection, conexión
consciousness, conciencia
consensus, consenso
consequence, consecuencia
conservative, conservador/a
consider, considerar
considerable, considerable
consideration, consideración
consist, consistir
consistent, consistente
constant, constante
constantly, constantemente
constitute, constituir
constitutional, constitucional
construct, construir
construction, construcción
consultant, consultor/a
consume, consumir
consumer, consumidor/a
consumption, consumo
contact, contacto
contain, contener
container, contenedor
contemporary, contemporáneo/a
content, contenido
contest, concurso
context, contexto
continue, continuar
continued, continuado/a
contract, contrato
contrast, contraste
contribute, contribuir
contribution, contribución
control, control
controversial, controversial
controversy, controversia
convention, convención
conventional, convencional
conversation, conversación
convert, convertir
conviction, convicción
convince, convencer
cook, cocinar
cookie, galleta
cooking, cocina
cool, fresco/a
cooperation, cooperación
cop, policía
cope, hacer frente
copy, copiar
core, núcleo
corn, maíz
corner, esquina
corporate, corporativo/a
corporation, corporación
correct, correcto/a
correspondent, corresponsal
cost, costo
cotton, algodón
couch, sofá
could, podría
council, consejo
counselor, consejero/a
count, contar
counter, contador/a
country, país
county, condado
couple, pareja
courage, coraje
course, curso
court, tribunal
cousin, primo/a
cover, cubrir
coverage, cobertura
cow, vaca
crack, grieta
craft, artesanía
crash, choque
crazy, loco/a
cream, crema
create, crear
creation, creación
creative, creativo/a
creature, criatura
credit, crédito
crew, tripulación
crime, delito
criminal, delincuente
crisis, crisis
criteria, criterios
critic, crítico/a
critical, crítico/a
criticism, crítica
criticize, criticar
crop, cultivo
cross, cruzar
crowd, multitud
crucial, crucial
cry, llorar
cultural, cultural
culture, cultura
cup, taza
curious, curioso/a
current, actual
currently, actualmente
curriculum, currículum
custom, costumbre
customer, cliente
cut, cortar
cycle, ciclo
dad, papá
daily, diario/a
damage, daño
dance, bailar
danger, peligro
dangerous, peligroso
dare, desafiar
dark, oscuro
darkness, oscuridad
data, datos
date, fecha
daughter, hija
day, día
dead, muerto
deal, trato
dealer, distribuidor
dear, querido
death, muerte
debate, debate
debt, deuda
decade, década
decide, decidir
decision, decisión
deck, cubierta
declare, declarar
decline, declinar
decrease, disminuir
deep, profundo
deeply, profundamente
deer, ciervo
defeat, derrota
defend, defender
defendant, acusado
defense, defensa
defensive, defensivo
deficit, déficit
define, definir
definitely, definitivamente
definition, definición
degree, grado
delay, retraso
deliver, entregar
delivery, entrega
demand, demanda
democracy, democracia
Democrat, Demócrata
democratic, democrático
demonstrate, demostrar
demonstration, manifestación
deny, negar
department, departamento
depend, depender
dependent, dependiente
depending, dependiendo
depict, representar
depression, depresión
depth, profundidad
deputy, diputado
derive, derivar
describe, describir
description, descripción
desert, desierto
deserve, merecer
design, diseño
designer, diseñador
desire, deseo
desk, escritorio
desperate, desesperado
despite, a pesar de
destroy, destruir
destruction, destrucción
detail, detalle
detailed, detallado
detect, detectar
determine, determinar
develop, desarrollar
developing, en desarrollo
development, desarrollo
device, dispositivo
devote, dedicar
dialogue, diálogo
die, morir
diet, dieta
differ, diferir
difference, diferencia
different, diferente
differently, de manera diferente
difficult, difícil
difficulty, dificultad
dig, cavar
digital, digital
dimension, dimensión
dining, comedor
dinner, cena
direct, directo
direction, dirección
directly, directamente
director, director
dirt, suciedad
dirty, sucio
disability, discapacidad
disagree, no estar de acuerdo
disappear, desaparecer
disaster, desastre
discipline, disciplina
discourse, discurso
discover, descubrir
discovery, descubrimiento
discrimination, discriminación
discuss, discutir
discussion, discusión
disease, enfermedad
dish, plato
dismiss, despedir
disorder, trastorno
display, mostrar
dispute, disputa
distance, distancia
distant, lejano
distinct, distinto
distinction, distinción
distinguish, distinguir
distribute, distribuir
distribution, distribución
district, distrito
diverse, diverso
diversity, diversidad
divide, dividir
division, división
divorce, divorcio
DNA, ADN
do, hacer
doctor, doctor
document, documento
dog, perro
domestic, doméstico
dominant, dominante
dominate, dominar
door, puerta
double, doble
doubt, duda
down, abajo
downtown, centro de la ciudad
dozen, docena
draft, borrador
drag, arrastrar
drama, drama
dramatic, dramático
dramatically, drásticamente
draw, dibujar
drawing, dibujo
dream, sueño
dress, vestido
drink, bebida
drive, conducir
driver, conductor
drop, caída
drug, droga
dry, seco
due, debido
during, durante
dust, polvo
duty, deber
each, cada
eager, ansioso
ear, oreja
early, temprano
earn, ganar
earnings, ganancias
earth, tierra
ease, facilidad
easily, fácilmente
east, este
eastern, oriental
easy, fácil
eat, comer
economic, económico
economics, economía
economist, economista
economy, economía
edge, borde
edition, edición
editor, editor
educate, educar
education, educación
educational, educativo
educator, educador
effect, efecto
effective, efectivo
effectively, eficazmente
efficiency, eficiencia
efficient, eficiente
effort, esfuerzo
egg, huevo
eight, ocho
either, cualquiera
elderly, anciano
elect, elegir
election, elección
electric, eléctrico
electricity, electricidad
electronic, electrónico
element, elemento
elementary, elemental
eliminate, eliminar
elite, élite
else, más
elsewhere, en otra parte
e-mail, correo electrónico
embrace, abrazar
emerge, emerger
emergency, emergencia
emission, emisión
emotion, emoción
emotional, emocional
emphasis, énfasis
emphasize, enfatizar
employ, emplear
employee, empleado
employer, empleador
employment, empleo
empty, vacío
enable, permitir
encounter, encuentro
encourage, animar
end, final
enemy, enemigo
energy, energía
enforcement, aplicación
engage, comprometerse
engine, motor
engineer, ingeniero
engineering, ingeniería
English, inglés
enhance, mejorar
enjoy, disfrutar
enormous, enorme
enough, suficiente
ensure, asegurar
enter, entrar
enterprise, empresa
entertainment, entretenimiento
entire, entero
entirely, completamente
entrance, entrada
entry, entrada
environment, ambiente
environmental, ambiental
episode, episodio
equal, igual
equally, igualmente
equipment, equipo
era, era
error, error
escape, escapar
especially, especialmente
essay, ensayo
essential, esencial
essentially, esencialmente
establish, establecer
establishment, establecimiento
estate, finca
estimate, estimar
etc, etcétera
ethics, ética
ethnic, étnico
European, europeo
evaluate, evaluar
evaluation, evaluación
even, incluso
evening, noche
event, evento
eventually, eventualmente
ever, siempre
every, cada
everybody, todos
everyday, cotidiano
everyone, todos
everything, todo
everywhere, en todas partes
evidence, evidencia
evolution, evolución
evolve, evolucionar
exact, exacto
exactly, exactamente
examination, examen
examine, examinar
example, ejemplo
exceed, superar
excellent, excelente
except, excepto
exception, excepción
exchange, intercambio
exciting, emocionante
executive, ejecutivo
exercise, ejercicio
exhibit, exhibir
exhibition, exposición
exist, existir
existence, existencia
existing, existente
expand, expandir
expansion, expansión
expect, esperar
expectation, expectativa
expense, gasto
expensive, caro
experience, experiencia
experiment, experimento
expert, experto
explain, explicar
explanation, explicación
explode, explotar
explore, explorar
explosion, explosión
expose, exponer
exposure, exposición
express, expresar
expression, expresión
extend, extender
extension, extensión
extensive, extenso
extent, extensión
external, externo
extra, extra
extraordinary, extraordinario
extreme, extremo
extremely, extremadamente
eye, ojo
fabric, tela
face, cara
facility, instalación
fact, hecho
factor, factor
factory, fábrica
faculty, facultad
fade, desvanecerse
fail, fracasar
failure, fracaso
fair, justo
fairly, bastante
faith, fe
fall, caer
false, falso
familiar, familiar
family, familia
famous, famoso
fan, ventilador/seguidor
fantasy, fantasía
far, lejos
farm, granja
farmer, granjero
fashion, moda
fast, rápido
fat, gordo
fate, destino
father, padre
fault, culpa/fallo
favor, favor
favorite, favorito
fear, miedo
feature, característica
federal, federal
fee, tarifa/honorario
feed, alimentar
feel, sentir
feeling, sentimiento
fellow, compañero
female, femenino
fence, cerca
few, pocos
fewer, menos
fiber, fibra
fiction, ficción
field, campo
fifteen, quince
fifth, quinto
fifty, cincuenta
fight, luchar
fighter, luchador
fighting, lucha
figure, figura
file, archivo
fill, llenar
film, película
final, final
finally, finalmente
finance, finanzas
financial, financiero
find, encontrar
finding, hallazgo
fine, bien
finger, dedo
finish, terminar
fire, fuego
firm, firma
first, primero
fish, pescado
fishing, pesca
fit, ajustarse
fitness, estado físico
five, cinco
fix, arreglar
flag, bandera
flame, llama
flat, plano
flavor, sabor
flee, huir
flesh, carne
flight, vuelo
float, flotar
floor, piso
flow, flujo
flower, flor
fly, volar
focus, enfoque
folk, gente
follow, seguir
following, siguiente
food, comida
foot, pie
football, fútbol americano
for, para
force, fuerza
foreign, extranjero
forest, bosque
forever, para siempre
forget, olvidar
form, forma
formal, formal
formation, formación
former, anterior
formula, fórmula
forth, adelante
fortune, fortuna
forward, hacia adelante
found, encontrar
foundation, fundación
founder, fundador
four, cuatro
fourth, cuarto
frame, marco
framework, marco de trabajo
free, libre
freedom, libertad
freeze, congelar
French, francés
frequency, frecuencia
frequent, frecuente
frequently, frecuentemente
fresh, fresco
friend, amigo
friendly, amistoso
friendship, amistad
from, desde
front, frente
fruit, fruta
frustration, frustración
fuel, combustible
full, lleno
fully, completamente
fun, diversión
function, función
fund, fondo
fundamental, fundamental
funding, financiamiento
funeral, funeral
funny, divertido
furniture, muebles
furthermore, además
future, futuro
gain, ganancia
galaxy, galaxia
gallery, galería
game, juego
gang, pandilla
gap, brecha
garage, garaje
garden, jardín
garlic, ajo
gas, gas
gate, puerta
gather, reunir
gay, homosexual
gaze, mirada
gear, engranaje
gender, género
gene, gen
general, general
generally, generalmente
generate, generar
generation, generación
genetic, genético
gentleman, caballero
gently, suavemente
German, alemán
gesture, gesto
get, obtener
ghost, fantasma
giant, gigante
gift, regalo
gifted, dotado
girl, niña
girlfriend, novia
give, dar
given, dado
glad, contento
glance, vistazo
glass, vidrio
global, global
glove, guante
go, ir
goal, meta
God, Dios
gold, oro
golden, dorado
golf, golf
good, bueno
government, gobierno
governor, gobernador
grab, agarrar
grade, grado
gradually, gradualmente
graduate, graduado
grain, grano
grand, grande
grandfather, abuelo
grandmother, abuela
grant, subvención
grass, hierba
grave, tumba
gray, gris
great, grande
greatest, el más grande
green, verde
grocery, tienda de comestibles
ground, suelo
group, grupo
grow, crecer
growing, creciente
growth, crecimiento
guarantee, garantía
guard, guardia
guess, adivinar
guest, invitado
guide, guía
guideline, línea directriz
guilty, culpable
gun, arma de fuego
guy, chico
habit, hábito
habitat, hábitat
hair, cabello
half, medio
hall, pasillo
hand, mano
handful, puñado
handle, manejar
hang, colgar
happen, suceder
happy, feliz
hard, duro
hardly, apenas
hat, sombrero
hate, odio
have, tener
he, él
head, cabeza
headline, titular
headquarters, sede
health, salud
healthy,saludable
hear, escuchar
hearing, audición
heart, corazón
heat, calor
heaven, cielo
heavily, pesadamente
heavy, pesado
heel, talón
height, altura
helicopter, helicóptero
hell, infierno
hello, hola
help, ayuda
helpful, útil
her, ella
here, aquí
heritage, herencia
hero, héroe
herself, ella misma
hey, eh
hi, hola
hide, esconder
high, alto
highlight, resaltar
highly, muy
highway, autopista
hill, colina
him, él
himself, él mismo
hip, cadera
hire, contratar
his, su (de él)
historian, historiador
historic, histórico
historical, histórico
history, historia
hit, golpear
hold, sostener
hole, agujero
holiday, vacaciones
holy, sagrado
home, hogar/casa
homeless, sin hogar
honest, honesto
honey, miel
honor, honor
hope, esperanza
horizon, horizonte
horror, horror
horse, caballo
hospital, hospital
host, anfitrión
hot, caliente
hotel, hotel
hour, hora
house, casa
household, hogar/familia
housing, vivienda
how, cómo
however, sin embargo
huge, enorme
human, humano
humor, humor
hundred, cien
hungry, hambriento
hunter, cazador
hunting, caza
hurt, herir
husband, esposo/marido
hypothesis, hipótesis
I, yo
ice, hielo
idea, idea
ideal, ideal
identification, identificación
identify, identificar
identity, identidad
ie, es decir
if, si
ignore, ignorar
ill, enfermo
illegal, ilegal
illness, enfermedad
illustrate, ilustrar
image, imagen
imagination, imaginación
imagine, imaginar
immediate, inmediato
immediately, inmediatamente
immigrant, inmigrante
immigration, inmigración
impact, impacto
implement, implementar
implication, implicación
imply, implicar
importance, importancia
important, importante
impose, imponer
impossible, imposible
impress, impresionar
impression, impresión
impressive, impresionante
improve, mejorar
improvement, mejora
in, en
incentive, incentivo
incident, incidente
include, incluir
including, incluyendo
income, ingreso
incorporate, incorporar
increase, aumento
increased, aumentado
increasing, aumentando
increasingly, cada vez más
incredible, increíble
indeed, en efecto
independence, independencia
independent, independiente
index, índice
Indian, indio
indicate, indicar
indication, indicación
individual, individual
industrial, industrial
industry, industria
infant, bebé
infection, infección
inflation, inflación
influence, influencia
inform, informar
information, información
ingredient, ingrediente
initial, inicial
initially, inicialmente
initiative, iniciativa
injury, lesión
inner, interno/a
innocent, inocente
inquiry, investigación/indagación
inside, dentro/interior
insight, percepción/visión
insist, insistir
inspire, inspirar
install, instalar
instance, instancia/ejemplo
instead, en lugar de/en vez de
institution, institución
institutional, institucional
instruction, instrucción
instructor, instructor/profesor
instrument, instrumento
insurance, seguro
intellectual, intelectual
intelligence, inteligencia
intend, tener la intención
intense, intenso
intensity, intensidad
intention, intención
interaction, interacción
interest, interés
interested, interesado
interesting, interesante
internal, interno
international, internacional
Internet, Internet
interpret, interpretar
interpretation, interpretación
intervention, intervención
interview, entrevista
into, en
introduce, presentar
introduction, introducción
invasion, invasión
invest, invertir
investigate, investigar
investigation, investigación
investigator, investigador
investment, inversión
investor, inversor
invite, invitar
involve, involucrar
involved, involucrado
involvement, involucramiento
Iraqi, iraquí
Irish, irlandés
iron, hierro
Islamic, islámico
island, isla
Israeli, israelí
issue, tema
it, eso
Italian, italiano
item, artículo
its, su
itself, él mismo
jacket, chaqueta
jail, cárcel
Japanese, japonés
jet, jet
Jew, judío
Jewish, judaísmo
job, trabajo
join, unirse
joint, articulación
joke, broma
journal, periódico
journalist, periodista
journey, viaje
joy, alegría
judge, juez
judgment, juicio
juice, jugo
jump, saltar
junior, junior
jury, jurado
just, justo
justice, justicia
justify, justificar
keep, mantener
key, llave
kick, patear
kid, niño
kill, matar
killer, asesino
killing, asesinato
kind, amable
king, rey
kiss, beso
kitchen, cocina
knee, rodilla
knife, cuchillo
knock, golpear
know, saber
knowledge, conocimiento
lab, laboratorio
label, etiqueta
labor, trabajo
laboratory, laboratorio
lack, falta
lady, dama
lake, lago
land, tierra
landscape, paisaje
language, idioma
lap, vuelta
large, grande
largely, en gran medida
last, último
late, tarde
later, más tarde
Latin, latín
latter, este último
laugh, reír
launch, lanzar
law, ley
lawn, césped
lawsuit, demanda
lawyer, abogado
lay, poner
layer, capa
lead, plomo
leader, líder
leadership, liderazgo
leading, líder
leaf, hoja
league, liga
lean, inclinarse
learn, aprender
learning, aprendizaje
least, menos
leather, cuero
leave, dejar
left, izquierda
leg, pierna
legacy, legado
legal, legal
legend, leyenda
legislation, legislación
legitimate, legítimo
lemon, limón
length, longitud
less, menos
lesson, lección
let, permitir
letter, letra
level, nivel
liberal, liberal
library, biblioteca
license, licencia
lie, mentira
life, vida
lifestyle, estilo de vida
lifetime, vida
lift, levantar
light, luz
like, como
likely, probable
limit, límite
limitation, limitación
limited, limitado
line, línea
link, enlace
lip, labio
list, lista
listen, escuchar
literally, literalmente
literary, literario
literature, literatura
little, pequeño
live, vivir
living, vida
load, carga
loan, préstamo
local, local
locate, localizar
location, ubicación
lock, cerradura
long, largo
long-term, a largo plazo
look, mirar
loose, flojo
lose, perder
loss, pérdida
lost, perdido
lot, mucho
lots, lotes
loud, ruidoso
love, amor
lovely, encantador
lover, amante
low, bajo
lower, bajar
luck, suerte
lucky, afortunado
lunch, almuerzo
lung, pulmón
machine, máquina
mad, loco
magazine, revista
mail, correo
main, principal
mainly, principalmente
maintain, mantener
maintenance, mantenimiento
major, importante
majority, mayoría
make, hacer
maker, fabricante
makeup, maquillaje
male, masculino
mall, centro comercial
man, hombre
manage, administrar
management, gestión
manager, gerente
manner, manera
manufacturer, fabricante
manufacturing, manufactura
many, muchos
map, mapa
margin, margen
mark, marca
market, mercado
marketing, marketing
marriage, matrimonio
married, casado
marry, casarse
mask, mascarilla
mass, masa
massive, masivo
master, maestro
match, partido
material, material
math, matemáticas
matter, importar
may, mayo
maybe, tal vez
mayor, alcalde
me, yo
meal, comida
mean, significar
meaning, significado
meanwhile, mientras tanto
measure, medida
measurement, medición
meat, carne
mechanism, mecanismo
media, medios de comunicación
medical, médico
medication, medicación
medicine, medicina
medium, medio
meet, conocer
meeting, reunión
member, miembro
membership, membresía
memory, memoria
mental, mental
mention, mencionar
menu, menú
mere, simple
merely, simplemente
mess, desorden
message, mensaje
metal, metal
meter, medidor
method, método
Mexican, mexicano
middle, medio
might, poder
military, militar
milk, leche
million, millón
mind, mente
mine, mío
minister, ministro
minor, menor
minority, minoría
minute, minuto
miracle, milagro
mirror, espejo
miss, perder
missile, misil
mission, misión
mistake, error
mix, mezclar
mixture, mezcla
mm-hmm, mm-hmm (sonido de afirmación)
mode, modo
model, modelo
moderate, moderado
modern, moderno
modest, modesto
mom, mamá
moment, momento
money, dinero
monitor, monitor
month, mes
mood, estado de ánimo
moon, luna
moral, moral
more, más
moreover, además
morning, mañana
mortgage, hipoteca
most, la mayoría
mostly, en su mayoría
mother, madre
motion, movimiento
motivation, motivación
motor, motor
mount, montar
mountain, montaña
mouse, ratón
mouth, boca
move, mover
movement, movimiento
movie, película
Mr, Sr.
Mrs, Sra.
Ms, Srta.
much, mucho
multiple, múltiple
murder, asesinato
muscle, músculo
museum, museo
music, música
musical, musical
musician, músico
Muslim, musulmán
must, deber
mutual, mutuo
my, mi
myself, yo mismo
mystery, misterio
myth, mito
naked, desnudo
name, nombre
narrative, narrativa
narrow, estrecho
nation, nación
national, nacional
native, nativo
natural, natural
naturally, naturalmente
nature, naturaleza
near, cerca
nearby, cercano
nearly, casi
necessarily, necesariamente
necessary, necesario
neck, cuello
need, necesidad
negative, negativo
negotiate, negociar
negotiation, negociación
neighbor, vecino
neighborhood, vecindario
neither, ni
nerve, nervio
nervous, nervioso
net, red
network, red
never, nunca
nevertheless, sin embargo
new, nuevo
newly, recién
news, noticias
newspaper, periódico
next, siguiente
nice, agradable
night, noche
nine, nueve
no, no
nobody, nadie
nod, asentir con la cabeza
noise, ruido
nomination, nominación
none, ninguno
nonetheless, no obstante
nor, ni
normal, normal
normally, normalmente
north, norte
northern, del norte
nose, nariz
not, no
note, nota
nothing, nada
notice, aviso
notion, noción
novel, novela
now, ahora
nowhere, en ninguna parte
n't, no (contracción de "not")
nuclear, nuclear
number, número
numerous, numeroso
nurse, enfermera
nut, nuez
object, objeto
objective, objetivo
obligation, obligación
observation, observación
observe, observar
observer, observador
obtain, obtener
obvious, obvio
obviously, obviamente
occasion, ocasión
occasionally, ocasionalmente
occupation, ocupación
occupy, ocupar
occur, ocurrir
ocean, océano
odd, extraño
odds, probabilidades
of, de
off, apagado
offense, ofensa
offensive, ofensivo
offer, oferta
office, oficina
officer, oficial
official, oficial
often, a menudo
oh, oh
oil, aceite
ok, bien
okay, de acuerdo
old, viejo/a
Olympic, olímpico/a
on, en
once, una vez
one, uno/a
ongoing, en curso
onion, cebolla
online, en línea
only, solo/a
onto, sobre
open, abierto/a
opening, apertura
operate, operar
operating, en funcionamiento
operation, operación
operator, operador/a
opinion, opinión
opponent, oponente
opportunity, oportunidad
oppose, oponerse
opposite, opuesto/a
opposition, oposición
option, opción
or, o
orange, naranja
order, orden
ordinary, ordinario/a
organic, orgánico/a
organization, organización
organize, organizar
orientation, orientación
origin, origen
original, original
originally, originalmente
other, otro/a
others, otros/as
otherwise, de lo contrario
ought, debería
our, nuestro/a
ourselves, nosotros/as mismos/as
out, fuera
outcome, resultado
outside, fuera
oven, horno
over, encima
overall, en general
overcome, superar
overlook, pasar por alto
owe, deber
own, propio/a
owner, dueño/a
pace, ritmo
pack, empacar
package, paquete
page, página
pain, dolor
painful, doloroso/a
paint, pintar
painter, pintor/a
painting, pintura
pair, par
pale, pálido/a
Palestinian, palestino/a
palm, palma
pan, sartén
panel, panel
pant, pantalón
paper, papel
parent, padre/madre
park, parquear
parking, estacionamiento
part, parte
participant, participante
participate, participar
participation, participación
particular, particular
particularly, particularmente
partly, parcialmente
partner, pareja
partnership, asociación
party, fiesta
pass, pasar
passage, pasaje
passenger, pasajero/a
passion, pasión
past, pasado/a
patch, parche
path, camino
patient, paciente
pattern, patrón
pause, pausa
pay, pagar
payment, pago
PC, computadora personal
peace, paz
peak, cima
peer, compañero/a
penalty, penalización
people, gente
pepper, pimienta
per, por
perceive, percibir
percentage, porcentaje
perception, percepción
perfect, perfecto/a
perfectly, perfectamente
perform, realizar
performance, rendimiento
perhaps, quizás
period, período
permanent, permanente
permission, permiso
permit, permitir
person, persona
personal, personal
personality, personalidad
personally, personalmente
personnel, personal
perspective, perspectiva
persuade, persuadir
pet, mascota
phase, fase
phenomenon, fenómeno
philosophy, filosofía
phone, teléfono
photo, foto
photograph, fotografía
photographer, fotógrafo/a
phrase, frase
physical, físico/a
physically, físicamente
physician, médico/a
piano, piano
pick, escoger
picture, imagen
pie, pastel
piece, pieza
pile, pila
pilot, piloto
pine, pino
pink, rosa
pipe, tubería
pitch, tono
place, lugar
plan, plan
plane, avión
planet, planeta
planning, planificación
plant, planta
plastic, plástico
plate, plato
platform, plataforma
play, jugar
player, jugador
please, por favor
pleasure, placer
plenty, mucho
plot, trama
plus, más
PM, PM (por la tarde/noche)
pocket, bolsillo
poem, poema
poet, poeta
poetry, poesía
point, punto
pole, poste
police, policía
policy, política
political, político
politically, políticamente
politician, político/a
politics, política
poll, encuesta
pollution, contaminación
pool, piscina
poor, pobre
pop, pop
popular, popular
population, población
porch, porche
port, puerto
portion, porción
portrait, retrato
portray, retratar
pose, posar
position, posición
positive, positivo
possess, poseer
possibility, posibilidad
possible, posible
possibly, posiblemente
post, publicar
pot, olla
potato, patata
potential, potencial
potentially, potencialmente
pound, libra
pour, verter
poverty, pobreza
powder, polvo
power, poder
powerful, poderoso/a
practical, práctico/a
practice, práctica
pray, rezar
prayer, oración
precisely, precisamente
predict, predecir
prefer, preferir
preference, preferencia
pregnancy, embarazo
pregnant, embarazada
preparation, preparación
prepare, preparar
prescription, receta
presence, presencia
present, presente
presentation, presentación
preserve, preservar
president, presidente/a
presidential, presidencial
press, prensa
pressure, presión
pretend, fingir
pretty, bonito/a
prevent, prevenir
previous, previo/a
previously, previamente
price, precio
pride, orgullo
priest, sacerdote
primarily, principalmente
primary, primario/a
prime, principal
principal, director/a
principle, principio
print, imprimir
prior, previo/a
priority, prioridad
prison, prisión
prisoner, prisionero/a
privacy, privacidad
private, privado/a
probably, probablemente
problem, problema
procedure, procedimiento
proceed, proceder
process, proceso
produce, producir
producer, productor/a
product, producto
production, producción
profession, profesión
professional, profesional
professor, profesor/a
profile, perfil
profit, beneficio
program, programa
progress, progreso
project, proyecto
prominent, destacado/a
promise, promesa
promote, promover
prompt, instar
proof, prueba
proper, adecuado/a
properly, correctamente
property, propiedad
proportion, proporción
proposal, propuesta
propose, proponer
proposed, propuesto/a
prosecutor, fiscal
prospect, perspectiva
protect, proteger
protection, protección
protein, proteína
protest, protesta
proud, orgulloso/a
prove, probar
provide, proporcionar
provider, proveedor/a
province, provincia
provision, provisión
psychological, psicológico/a
psychologist, psicólogo/a
psychology, psicología
public, público/a
publication, publicación
publicly, públicamente
publish, publicar
publisher, editor/a
pull, tirar/jalar
punishment, castigo
purchase, compra
pure, puro/a
purpose, propósito
pursue, perseguir
push, empujar
put, poner
qualify, calificar
quality, calidad
quarter, cuarto
quarterback, mariscal de campo
question, pregunta
quick, rápido/a
quickly, rápidamente
quiet, tranquilo/a
quietly, tranquilamente
quit, renunciar/dejar
quite, bastante
quote, citar
race, carrera/raza
racial, racial
radical, radical
radio, radio
rail, riel
rain, lluvia
raise, levantar/aumentar
range, rango
rank, rango/clasificación
rapid, rápido/a
rapidly, rápidamente
rare, raro/a
rarely, raramente
rate, tasa
rather, bastante
rating, clasificación
ratio, relación
raw, crudo/a
reach, alcanzar
react, reaccionar
reaction, reacción
read, leer
reader, lector/a
reading, lectura
ready, listo/a
real, real
reality, realidad
realize, darse cuenta de
really, realmente
reason, razón
reasonable, razonable
recall, recordar
receive, recibir
recent, reciente
recently, recientemente
recipe, receta
recognition, reconocimiento
recognize, reconocer
recommend, recomendar
recommendation, recomendación
record, registro/grabar
recording, grabación
recover, recuperar
recovery, recuperación
recruit, reclutar
red, rojo/a
reduce, reducir
reduction, reducción
refer, referirse
reference, referencia
reflect, reflejar
reflection, reflexión
reform, reformar
refugee, refugiado/a
refuse, rechazar
regard, considerar
regarding, respecto a
regardless, independientemente de
regime, régimen
region, región
regional, regional
register, registrar
regular, regular
regularly, regularmente
regulate, regular
regulation, regulación
reinforce, reforzar
reject, rechazar
relate, relacionar
relation, relación
relationship, relación/relacionamiento
relative, relativo/a
relatively, relativamente
relax, relajarse
release, liberar/soltar
relevant, relevante
relief, alivio
religion, religión
religious, religioso/a
rely, confiar
remain, permanecer
remaining, restante
remarkable, notable
remember, recordar
remind, recordar (a alguien)
remote, remoto/a
remove, remover
repeat, repetir
repeatedly, repetidamente
replace, reemplazar
reply, responder
report, informe
reporter, reportero/a
represent, representar
representation, representación
representative, representante
Republican, Republicano/a
reputation, reputación
request, solicitud
require, requerir
requirement, requisito
research, investigación
researcher, investigador/a
resemble, parecerse
reservation, reserva
resident, residente
resist, resistir
resistance, resistencia
resolution, resolución
resolve, resolver
resort, recurso turístico
resource, recurso
respect, respeto
respond, responder
respondent, encuestado/a
response, respuesta
responsibility, responsabilidad
responsible, responsable
rest, descanso
restaurant, restaurante
restore, restaurar
restriction, restricción
result, resultado
retain, retener
retire, jubilarse
retirement, jubilación
return, regresar
reveal, revelar
revenue, ingresos
review, reseña
revolution, revolución
rhythm, ritmo
rice, arroz
rich, rico
rid, deshacerse de
ride, montar
rifle, rifle
right, derecho
ring, anillo
rise, levantarse
risk, riesgo
river, río
road, carretera
rock, roca
role, papel
roll, rodar
romantic, romántico/a
roof, techo
room, habitación
root, raíz
rope, cuerda
rose, rosa
rough, áspero/a
roughly, aproximadamente
round, redondo/a
route, ruta
routine, rutina
row, fila
rub, frotar
rule, regla
run, correr
running, en funcionamiento
rural, rural
rush, prisa
Russian, ruso/a
sacred, sagrado/a
sad, triste
safe, seguro/a
safety, seguridad
sake, bien
salad, ensalada
salary, salario
sale, venta
sales, ventas
salt, sal
same, mismo/a
sample, muestra
sanction, sanción
sand, arena
satellite, satélite
satisfaction, satisfacción
satisfy, satisfacer
sauce, salsa
save, guardar
saving, ahorro
say, decir
scale, escala
scandal, escándalo
scared, asustado/a
scenario, escenario
scene, escena
schedule, horario
scheme, esquema
scholar, becario/a
scholarship, beca
school, escuela
science, ciencia
scientific, científico/a
scientist, científico/a
scope, alcance
score, puntuación
scream, gritar
screen, pantalla
script, guión
sea, mar
search, buscar
season, temporada
seat, asiento
second, segundo/a
secret, secreto/a
secretary, secretario/a
section, sección
sector, sector
secure, seguro/a
security, seguridad
see, ver
seed, semilla
seek, buscar
seem, parecer
segment, segmento
seize, apoderarse de
select, seleccionar
selection, selección
self, yo mismo/a
sell, vender
Senate, Senado
senator, senador/a
send, enviar
senior, mayor
sense, sentido
sensitive, sensible
sentence, sentencia
separate, separar
sequence, secuencia
series, serie
serious, serio/a
seriously, seriamente
serve, servir
service, servicio
session, sesión
set, conjunto
setting, entorno/ajuste/configuración
settle, establecer/arreglar/instalar/pagar una deuda
settlement, asentamiento/arreglo/acuerdo/liquidación
seven, siete
several, varios
severe, grave/severo
sex, sexo
sexual, sexual
shade, sombra
shadow, sombra
shake, agitar/mover/sacudir
shall, deber/haber de
shape, forma
share, compartir
sharp, afilado/agudo
she, ella
sheet, hoja/sábana
shelf, estante
shell, concha/cáscara
shelter, refugio/albergue
shift, cambio/turno
shine, brillar
ship, barco/navío
shirt, camisa
shit, mierda
shock, choque/susto
shoe, zapato
shoot, disparar/filmar
shooting, tiroteo/rodaje
shop, tienda
shopping, compras
shore, orilla/costa
short, corto
shortly, en breve/pronto
shot, disparo
should, debería/deberían
shoulder, hombro
shout, gritar
show, mostrar
shower, ducha
shrug, encogerse de hombros
shut, cerrar
sick, enfermo
side, lado
sigh, suspirar
sight, vista
sign, signo/firmar
signal, señal
significance, importancia
significant, significativo
significantly, significativamente
silence, silencio
silent, silencioso
silver, plata
similar, similar
similarly, de manera similar
simple, simple/sencillo
simply, simplemente
sin, pecado
since, desde/dado que
sing, cantar
singer, cantante
single, soltero/único
sink, hundirse/fregadero
sir, señor
sister, hermana
sit, sentarse
site, sitio/lugar
situation, situación
six, seis
size, tamaño
ski, esquiar
skill, habilidad/destreza
skin, piel
sky, cielo
slave, esclavo
sleep, dormir
slice, rebanada
slide, deslizar
slight, ligero
slightly, ligeramente
slip, deslizarse/deslizar
slow, lento
slowly, lentamente
small, pequeño
smart, inteligente
smell, olor
smile, sonreír
smoke, humo
smooth, suave/liso
snap, chasquear
snow, nieve
so, entonces/por lo tanto
so-called, supuesto
soccer, fútbol
social, social
society, sociedad
soft, suave
software, software
soil, suelo
solar, solar
soldier, soldado
solid, sólido
solution, solución
solve, resolver
some, algunos
somebody, alguien
somehow, de alguna manera
someone, alguien
something, algo
sometimes, a veces
somewhat, algo
somewhere, en algún lugar
son, hijo
song, canción
soon, pronto
sophisticated, sofisticado
sorry, lo siento
sort, tipo/clase
soul, alma
sound, sonido
soup, sopa
source, fuente
south, sur
southern, sureño
Soviet, soviético
space, espacio
Spanish, español
speak, hablar
speaker, orador/ponente
special, especial
specialist, especialista
species, especie
specific, específico
specifically, específicamente
speech, discurso
speed, velocidad
spend, gastar/pasar
spending, gastos
spin, girar
spirit, espíritu
spiritual, espiritual
split, dividir
spokesman, portavoz
sport, deporte
spot, lugar/punto
spread, extender/difundir
spring, primavera
square, cuadrado
squeeze, exprimir/apretar
stability, estabilidad
stable, estable
staff, personal
stage, escenario
stair, escalera
stake, apuesta/riesgo
stand, estar de pie
standard, estándar
standing, posición/estar de pie
star, estrella
stare, mirar fijamente
start, comenzar
state, estado
statement, declaración
station, estación
statistics, estadísticas
status, estado/condición
stay, quedarse
steady, estable/firme
steal, robar
steel, acero
step, paso
stick, pegar
still, todavía
stir, revolver
stock, stock/inventario
stomach, estómago
stone, piedra
stop, detener
storage, almacenamiento
store, tienda
storm, tormenta
story, historia/cuento
straight, derecho
strange, extraño
stranger, extraño
strategic, estratégico
strategy, estrategia
stream, arroyo
street, calle
strength, fuerza
strengthen, fortalecer
stress, estrés
stretch, estirar
strike, huelga/golpear
string, cuerda
strip, despojar
stroke, trazo/golpe
strong, fuerte
strongly, firmemente
structure, estructura
struggle, luchar
student, estudiante
studio, estudio
study, estudio/estudiar
stuff, cosas/materiales
stupid, estúpido
style, estilo
subject, sujeto/tema
submit, enviar/someter
subsequent, posterior
substance, sustancia
substantial, sustancial
succeed, tener éxito
success, éxito
successful, exitoso
successfully, exitosamente
such, tal/tales
sudden, repentino
suddenly, de repente
sue, demandar
suffer, sufrir
sufficient, suficiente
sugar, azúcar
suggest, sugerir
suggestion, sugerencia
suicide, suicidio
suit, traje/ajustarse
summer, verano
summit, cumbre
sun, sol
super, super
supply, suministro
support, apoyar/apoyo
supporter, partidario
suppose, suponer
supposed, supuesto
Supreme, Supremo
sure, seguro
surely, seguramente
surface, superficie
surgery, cirugía
surprise, sorpresa
surprised, sorprendido
surprising, sorprendente
surprisingly, sorprendentemente
surround, rodear
survey, encuesta
survival, supervivencia
survive, sobrevivir
survivor, superviviente
suspect, sospechoso/a
sustain, sostener
swear, jurar
sweep, barrer
sweet, dulce
swim, nadar
swing, columpiar
switch, cambiar
symbol, símbolo
symptom, síntoma
system, sistema
table, mesa
tablespoon, cucharada
tactic, táctica
tail, cola
take, tomar
tale, cuento
talent, talento
talk, hablar
tall, alto
tank, tanque
tap, grifo
tape, cinta
target, objetivo
task, tarea
taste, sabor
tax, impuesto
taxpayer, contribuyente
tea, té
teach, enseñar
teacher, profesor/a
teaching, enseñanza
team, equipo
tear, lágrima
teaspoon, cucharadita
technical, técnico/a
technique, técnica
technology, tecnología
teen, adolescente
teenager, adolescente
telephone, teléfono
telescope, telescopio
television, televisión
tell, decir
temperature, temperatura
temporary, temporal
ten, diez
tend, tender
tendency, tendencia
tennis, tenis
tension, tensión
tent, tienda de campaña
term, término
terms, términos
terrible, terrible
territory, territorio
terror, terror
terrorism, terrorismo
terrorist, terrorista
test, prueba
testify, testificar
testimony, testimonio
testing, prueba
text, texto
than, que
thank, agradecer
thanks, gracias
that, ese/a, aquel/lla
the, el/la
theater, teatro
their, su (de ellos/ellas)
them, ellos/ellas
theme, tema
themselves, ellos/ellas mismos/as
then, entonces
theory, teoría
therapy, terapia
there, allí
therefore, por lo tanto
these, estos/as
they, ellos/ellas
thick, grueso/a
thin, delgado/a
thing, cosa
think, pensar
thinking, pensamiento
third, tercero/a
thirty, treinta
this, este/a
those, aquellos/as
though, aunque
thought, pensamiento
thousand, mil
threat, amenaza
threaten, amenazar
three, tres
throat, garganta
through, a través de
throughout, a lo largo de
throw, lanzar
thus, así
ticket, boleto
tie, corbata
tight, ajustado/a
time, tiempo
tiny, diminuto/a
tip, propina
tire, neumático
tired, cansado/a
tissue, tejido
title, título
to, a, hacia
tobacco, tabaco
today, hoy
toe, dedo del pie
together, juntos/as
tomato, tomate
tomorrow, mañana
tone, tono
tongue, lengua
tonight, esta noche
too, también
tool, herramienta
tooth, diente
top, parte superior
topic, tema
toss, lanzar
total, total
totally, totalmente
touch, tocar
tough, duro/a
tour, gira
tourist, turista
tournament, torneo
toward, hacia
towards, hacia
tower, torre
town, pueblo
toy, juguete
trace, rastro
track, pista
trade, comercio
tradition, tradición
traditional, tradicional
traffic, tráfico
tragedy, tragedia
trail, sendero
train, tren
training, entrenamiento
transfer, transferir
transform, transformar
transformation, transformación
transition, transición
translate, traducir
transportation, transporte
travel, viajar
treat, tratar
treatment, tratamiento
treaty, tratado
tree, árbol
tremendous, tremendo
trend, tendencia
trial, juicio
tribe, tribu
trick, truco
trip, viaje
troop, tropa
trouble, problema
truck, camión
true, verdadero
truly, verdaderamente
trust, confiar
truth, verdad
try, intentar
tube, tubo
tunnel, túnel
turn, girar
TV, televisión
twelve, doce
twenty, veinte
twice, dos veces
twin, gemelo
two, dos
type, tipo
typical, típico
typically, típicamente
ugly, feo
ultimate, final
ultimately, en última instancia
unable, incapaz
uncle, tío
under, debajo de
undergo, experimentar
understand, entender
understanding, comprensión
unfortunately, desafortunadamente
uniform, uniforme
union, unión
unique, único
unit, unidad
United, Unido
universal, universal
universe, universo
university, universidad
unknown, desconocido
unless, a menos que
unlike, a diferencia de
unlikely, improbable
until, hasta
unusual, inusual
up, arriba
upon, sobre
upper, superior
urban, urbano
urge, urgir
us, nosotros
use, usar
used, usado
useful, útil
user, usuario
usual, usual
usually, usualmente
utility, utilidad
vacation, vacaciones
valley, valle
valuable, valioso
value, valor
variable, variable
variation, variación
variety, variedad
various, varios
vary, variar
vast, vasto
vegetable, vegetal
vehicle, vehículo
venture, aventura
version, versión
versus, contra
very, muy
vessel, barco
veteran, veterano
via, a través de
victim, víctima
victory, victoria
video, video
view, vista
viewer, espectador
village, pueblo
violate, violar
violation, violación
violence, violencia
violent, violento
virtually, virtualmente
virtue, virtud
virus, virus
visible, visible
vision, visión
visit, visitar
visitor, visitante
visual, visual
vital, vital
voice, voz
volume, volumen
volunteer, voluntario
vote, votar
voter, votante
vs, vs (versus)
vulnerable, vulnerable
wage, salario
wait, esperar
wake, despertar
walk, caminar
wall, pared
wander, deambular
want, querer
war, guerra
warm, cálido
warn, advertir
warning, advertencia
wash, lavar
waste, desperdicio
watch, ver
water, agua
wave, ola
way, camino
we, nosotros
weak, débil
wealth, riqueza
wealthy, rico
weapon, arma
wear, llevar puesto
weather, clima
wedding, boda
week, semana
weekend, fin de semana
weekly, semanal
weigh, pesar
weight, peso
welcome, bienvenido
welfare, bienestar social
well, bien
west, oeste
western, occidental
wet, mojado
what, qué
whatever, lo que sea
wheel, rueda
when, cuando
whenever, siempre que
where, donde
whereas, mientras que
whether, si
which, cual
while, mientras
whisper, susurrar
white, blanco
who, quien
whole, entero
whom, a quien
whose, cuyo
why, por qué
wide, ancho
widely, ampliamente
widespread, extendido
wife, esposa
wild, salvaje
will, voluntad
willing, dispuesto
win, ganar
wind, viento
window, ventana
wine, vino
wing, ala
winner, ganador
winter, invierno
wipe, limpiar
wire, alambre
wisdom, sabiduría
wise, sabio
wish, desear
with, con
withdraw, retirar
within, dentro de
without, sin
witness, testigo
woman, mujer
wonder, maravilla
wonderful, maravilloso
wood, madera
wooden, de madera
word, palabra
work, trabajo
worker, trabajador
working, trabajando
works, obras
workshop, taller
world, mundo
worried, preocupado
worry, preocupación
worth, valor
would, podría
wound, herida
wrap, envolver
write, escribir
writer, escritor
writing, escritura
wrong, equivocado
yard, patio
yeah, sí
year, año
yell, gritar
yellow, amarillo
yes, sí
yesterday, ayer
yet, todavía
yield, ceder
you, tú
young, joven
your, tu
yours, tuyo
yourself, tu mismo
youth, juventud
zone, zona